E_NA1,E_MG1,E_AL1,E_CA1,E_SC1,E_SC2,E_TI1,E_V1,E_CR1,E_CR2,E_FE1,E_FE2,E_CO1,E_NI1,E_Y2,E_FEH
,,,,,,,,,,0.3,0.44,,,,0.0
0.0,0.05,0.02,0.02,0.13,0.04,0.01,0.06,0.01,0.03,0.04,0.03,0.0,0.01,0.04,0.013176247
,,,,,,,,,,0.15,0.32,,,0.0,0.0
0.01,0.01,0.15,0.0,,0.01,0.03,0.08,0.04,,0.01,0.06,,0.0,0.09,3.376143e-08
,,,,,,,,,,0.2,0.17,,,0.0,0.0
,,,,,,,,,,,,,,0.0,0.0
,,,0.0,,0.0,0.0,,,0.0,0.0,0.0,,0.0,,0.0
,,,,,,,,,,0.12,0.17,,,0.0,0.084316805
0.04,0.03,0.03,0.01,0.04,0.04,0.01,0.07,0.02,0.07,0.04,0.02,0.03,0.0,0.1,0.018308658
,,,,,,,,,,,,,,0.0,0.0
0.05,0.03,0.05,0.01,,0.02,0.07,,0.02,0.0,0.0,0.06,,0.02,0.05,0.08283025
0.0,0.01,0.01,0.01,0.04,0.04,0.01,0.26,0.03,0.0,0.0,0.01,0.01,0.02,0.04,0.02190718
0.01,0.01,0.07,0.01,0.06,0.06,0.0,0.11,0.0,0.0,0.03,0.04,0.06,0.0,0.01,0.023199268
0.03,0.01,0.01,0.01,0.04,0.03,0.03,0.15,0.02,0.0,0.04,0.01,0.08,0.01,0.11,0.012865415
0.01,0.01,0.02,0.01,0.04,0.04,0.03,0.01,0.01,0.0,0.04,0.02,0.06,0.03,0.08,0.012257631
0.03,0.14,,0.02,,0.13,0.01,,0.01,,0.0,0.0,0.05,0.08,0.01,0.010110321
0.11,0.01,,0.01,,0.05,0.01,,0.08,,0.0,0.0,,0.06,0.2,0.028264286
0.04,0.03,0.0,0.03,0.06,0.07,0.01,0.05,0.0,0.07,0.04,0.02,0.01,0.02,0.06,0.014804541
0.11,0.01,,0.06,0.04,0.09,0.01,0.09,0.07,0.0,0.0,0.0,0.13,0.08,0.04,0.023328245
0.02,0.02,0.02,0.02,,0.03,0.01,0.19,0.02,0.0,0.04,0.0,0.08,0.02,0.11,0.00896553
,,,,,,,,,,,,,,0.0,0.0
,,,,,,,,,,,,,,,0.0
,,,,,,,,,,0.21,0.23,,,,0.0
0.28,0.22,0.16,0.66,0.16,0.3,0.2,0.15,0.34,0.3,0.16,0.16,0.17,0.31,0.23,0.11481182
0.3,0.23,0.14,0.7,0.12,0.32,0.19,0.15,0.38,0.34,0.16,0.17,0.16,0.3,0.21,0.11578474
0.25,0.21,0.14,0.62,0.14,0.25,0.2,0.16,0.35,0.42,0.17,0.11,0.2,0.3,0.17,0.1131379
0.26,0.22,0.21,0.68,0.16,0.3,0.16,0.16,0.36,0.3,0.16,0.14,0.17,0.34,0.21,0.11526815
0.26,0.21,0.15,0.62,0.13,0.27,0.21,0.16,0.35,0.27,0.16,0.17,0.17,0.33,0.22,0.11624475
0.16,0.21,0.15,0.4,,0.21,0.25,0.33,0.33,0.25,0.17,0.17,0.24,0.23,0.26,0.06389934
0.08,0.06,0.05,0.19,0.09,0.15,0.15,0.13,0.24,0.28,0.13,0.14,0.1,0.19,0.14,0.08604858
0.09,0.09,0.07,0.01,0.11,0.14,0.17,0.14,0.24,0.02,0.15,0.18,0.12,0.17,0.2,0.11550632
0.43,0.04,0.01,0.28,0.1,0.08,0.15,0.21,0.21,0.51,0.17,0.18,0.17,0.25,0.23,0.14469013
0.04,0.02,0.05,0.02,0.01,0.0,0.05,0.04,0.01,0.14,0.01,0.04,0.01,0.04,0.04,0.057199374
,,,,,,0.08,,,,,,,0.59,,0.0
0.17,0.02,0.01,0.05,0.14,0.21,0.11,0.03,0.16,0.17,0.0,0.0,0.04,0.06,0.0,0.028264286
0.15,0.22,0.19,0.25,0.37,0.28,0.27,0.16,0.35,0.34,,,0.3,0.37,,0.0
0.14,0.21,0.05,0.06,0.05,0.08,0.14,0.06,0.14,0.29,0.0,0.0,0.01,0.07,0.0,0.060027603
0.11,0.06,0.04,0.11,,0.11,0.11,0.16,0.1,0.1,0.08,0.1,0.11,0.09,0.09,0.06521508
0.1,0.06,0.05,0.09,,0.09,0.12,0.19,0.11,0.07,0.08,0.09,0.11,0.1,0.1,0.06450222
0.08,0.1,0.04,0.08,,0.08,0.1,0.18,0.1,0.07,0.07,0.08,0.09,0.09,0.1,0.06511025
0.06,0.07,0.06,0.06,0.06,0.11,0.07,0.07,0.07,0.06,0.06,0.09,0.08,0.06,0.07,0.06523534
0.06,0.1,0.04,0.06,0.06,0.07,0.09,0.1,0.08,0.12,0.06,0.08,0.08,0.06,0.08,0.064535946
0.11,0.05,0.04,0.09,0.09,0.12,0.12,0.15,0.1,0.07,0.08,0.08,0.1,0.09,0.11,0.06531164
0.09,0.08,0.04,0.07,,0.09,0.1,0.19,0.1,0.07,0.07,0.08,0.11,0.08,0.09,0.06400759
0.07,0.05,0.03,0.11,0.04,0.13,0.09,0.08,0.09,0.09,0.06,0.1,0.06,0.09,0.1,0.07837427400000001
0.09,0.08,0.13,0.07,,0.1,0.11,0.16,0.1,0.07,0.07,0.09,0.1,0.08,0.1,0.06501108400000001
0.09,0.06,0.05,0.08,0.17,0.09,0.11,0.19,0.1,0.08,0.07,0.09,0.1,0.09,0.08,0.06395379
0.01,0.07,0.0,0.02,,,0.14,,0.1,,0.0,0.0,,0.06,0.0,0.030437237
0.11,0.12,0.1,0.1,0.17,0.12,0.14,0.13,0.11,0.07,0.08,0.08,0.09,0.09,0.1,0.06316098
0.18,0.27,0.18,0.54,,0.46,0.41,0.41,0.66,0.6,0.37,0.29,0.35,0.63,0.39,0.0
0.85,0.26,0.5,0.52,,0.34,0.62,0.59,0.74,0.56,0.44,0.47,0.43,0.53,0.36,0.0
0.1,0.09,0.03,0.13,,0.12,0.12,0.19,0.1,0.09,0.08,0.1,0.11,0.1,0.1,0.13125238
0.6,0.24,0.4,0.51,,0.28,0.55,0.74,0.66,0.42,0.44,0.43,0.49,0.57,0.46,0.0
0.28,0.31,0.06,0.22,,0.24,0.36,0.35,0.42,0.3,0.2,0.2,0.29,0.32,0.41,0.0
0.14,0.13,0.12,0.08,0.06,0.14,0.11,0.1,0.09,0.05,0.09,0.16,0.07,0.1,0.14,0.07860952
0.11,0.09,0.03,0.12,0.16,0.11,0.11,0.13,0.11,0.06,0.08,0.1,0.1,0.11,0.1,0.06496107
0.07,0.05,0.04,0.1,0.04,0.14,0.09,0.08,0.09,0.12,0.06,0.06,0.06,0.08,0.09,0.07872594
0.1,0.06,0.04,0.11,0.17,0.1,0.12,0.12,0.11,0.06,0.08,0.09,0.11,0.11,0.1,0.06528139
0.08,0.1,0.04,0.07,,0.09,0.11,0.19,0.1,0.1,0.07,0.08,0.09,0.09,0.1,0.064497195
0.13,0.06,0.03,0.14,,0.1,0.12,0.16,0.12,0.05,0.08,0.09,0.1,0.1,0.09,0.06563473
0.04,0.06,0.04,0.08,0.05,0.11,0.1,0.09,0.08,0.12,0.06,0.08,0.06,0.09,0.09,0.07754877
0.14,0.07,0.04,0.11,,0.13,0.11,0.13,0.11,0.09,0.07,0.09,0.1,0.09,0.1,0.064061016
,,,,,,,,,,,,,,,0.0
,,,,,,,,,,,,,,,0.0
,,,,,,,,,,,,,,,0.0
,,,,,,,,,,,,,,,0.0
0.23,0.0,0.0,0.0,0.11,0.0,0.0,0.0,0.0,0.32,0.0,0.0,0.0,0.0,0.16,0.0
0.01,0.12,0.02,0.02,0.06,0.0,0.12,0.01,0.1,0.26,0.01,0.17,0.01,0.0,0.0,0.014769114
0.0,0.0,0.0,0.0,0.0,0.0,0.0,0.0,0.0,0.0,0.0,0.0,0.0,0.0,0.0,0.0
0.01,0.03,0.02,0.01,0.02,0.0,0.02,0.06,0.01,0.0,0.01,0.03,0.06,0.02,0.03,0.023967652
0.24,0.39,,0.16,,0.18,0.38,,0.17,,,,0.21,0.5,,0.0
,,,,,,,,,,0.82,0.31,,,,0.0
0.02,0.09,0.03,0.01,0.07,0.04,0.06,0.14,0.02,0.0,0.03,0.02,0.06,0.02,0.01,0.012389072
0.04,0.04,0.01,0.01,0.03,0.0,0.07,0.05,0.0,0.0,0.0,0.06,0.01,0.02,0.01,0.01982877
0.31,0.04,0.0,0.0,0.0,0.14,0.0,0.0,0.0,0.21,0.0,0.0,0.0,0.0,0.0,0.07736856
0.03,0.39,,0.23,,0.17,0.44,0.28,0.6,0.16,,,0.2,0.3,0.16,0.0
0.21,0.12,,0.66,,0.3,0.86,0.06,0.52,0.4,,,0.5,0.5,0.64,0.0
0.18,0.06,0.12,0.36,0.54,0.42,0.29,0.25,0.28,0.33,0.11,0.17,0.21,0.41,0.0,0.0
0.12,0.23,0.08,0.28,0.14,0.07,0.26,0.28,0.14,0.0,0.0,0.0,0.05,0.05,0.0,0.15893705
,0.12,,0.72,,0.35,0.72,0.48,0.78,0.34,,,0.21,0.57,0.23,0.0
0.25,0.34,0.27,0.45,0.12,0.24,0.47,0.48,0.42,0.32,0.26,0.3,0.34,0.31,0.28,0.0
0.53,0.08,,0.71,,0.37,0.65,0.42,0.64,0.48,,,0.57,0.58,0.53,0.0
0.01,0.05,0.06,0.03,0.06,0.0,0.09,0.06,0.01,0.0,0.03,0.07,0.03,0.02,0.02,0.01701927
0.11,0.02,0.01,0.07,0.01,0.0,0.06,0.06,0.01,0.0,0.0,0.04,0.01,0.04,0.06,0.052711926
0.05,0.06,0.03,0.03,0.17,0.0,0.16,0.05,0.04,0.27,0.0,0.0,0.05,0.1,0.14,0.005055624
0.06,0.02,0.06,0.01,0.04,0.0,0.06,0.06,0.09,0.0,0.0,0.0,0.01,0.03,0.22,0.021204848
,0.3,0.05,0.1,0.34,0.41,0.21,0.19,0.3,0.34,0.25,0.13,0.25,0.37,0.34,0.0
0.03,0.03,0.0,0.02,0.13,0.0,0.06,0.02,0.01,0.0,0.01,0.01,0.08,0.01,0.22,0.005464996
0.02,0.03,0.03,0.05,0.04,0.0,0.09,0.02,0.0,0.0,0.02,0.01,0.03,0.05,0.13,0.033982113
0.47,0.14,0.04,0.21,,0.2,0.56,0.13,0.37,0.36,0.25,0.16,0.5,0.37,0.56,0.0
0.69,0.12,,0.49,,0.12,0.35,0.36,0.53,0.44,,,0.55,0.69,0.49,0.0
0.05,0.08,,0.15,,0.22,0.01,0.12,0.46,0.16,,,0.14,0.47,0.39,0.0
0.65,0.65,0.14,0.89,0.53,0.26,0.17,0.13,0.39,0.7,0.0,0.0,0.03,0.06,,0.0
0.14,0.07,0.18,0.24,0.04,0.09,0.17,0.04,0.15,0.16,0.0,0.0,0.12,0.18,0.0,0.08431706
0.13,0.2,0.07,0.18,,0.27,0.11,0.2,0.11,0.19,0.0,0.0,0.22,0.1,0.0,0.0981465
0.15,0.24,0.1,0.18,0.07,0.12,0.22,0.21,0.16,0.33,0.18,0.21,0.14,0.24,0.25,0.06615501
0.08,0.13,0.11,0.15,0.15,0.24,0.2,0.24,0.18,0.19,0.16,0.21,0.18,0.23,0.16,0.062337406
0.08,0.09,0.09,0.16,0.12,0.1,0.16,0.15,0.15,0.17,0.11,0.12,0.16,0.16,0.14,0.06603488
0.34,0.07,0.06,0.26,0.11,0.22,0.21,0.15,0.16,0.21,0.1,0.17,0.14,0.24,0.15,0.06498293
0.16,0.11,0.22,0.17,0.01,0.18,0.2,0.21,0.2,0.2,0.18,0.19,0.22,0.25,0.19,0.06647054
0.19,0.25,0.11,0.16,0.09,0.15,0.22,0.19,0.23,0.18,0.18,0.18,0.2,0.26,0.2,0.066828154
,,,,0.17,,,,,,0.23,0.29,,,,0.14180268
0.19,0.11,0.08,0.18,0.04,0.28,0.25,0.24,0.17,0.08,0.16,0.17,0.22,0.26,0.19,0.06703454
0.14,0.12,0.16,0.2,0.26,0.15,0.2,0.24,0.21,0.2,0.17,0.17,0.24,0.22,0.19,0.068342544
0.12,0.07,0.12,0.14,0.08,0.11,0.16,0.14,0.14,0.12,0.13,0.11,0.12,0.15,0.18,0.064424396
0.16,0.08,0.17,0.19,0.05,0.13,0.18,0.17,0.18,0.15,0.15,0.15,0.16,0.17,0.13,0.06327179
0.09,0.09,0.09,0.19,0.07,0.13,0.18,0.2,0.16,0.12,0.12,0.12,0.11,0.15,0.15,0.06405362
0.26,0.06,0.08,0.14,0.14,0.21,0.15,0.14,0.17,0.12,0.13,0.11,0.16,0.18,0.13,0.06263888
0.22,0.22,0.12,0.2,0.07,0.18,0.21,0.2,0.19,0.14,0.18,0.18,0.19,0.21,0.19,0.06464045
0.08,0.16,0.18,0.21,0.04,0.14,0.15,0.17,0.13,0.2,0.12,0.12,0.11,0.15,0.14,0.06420083
0.1,0.07,0.04,0.17,0.11,0.18,0.13,0.15,0.14,0.17,0.08,0.13,0.12,0.17,0.14,0.06491988
0.21,0.08,0.03,0.19,0.09,0.19,0.19,0.11,0.13,0.21,0.1,0.16,0.15,0.22,0.15,0.06480604400000001
0.68,0.17,0.12,0.15,0.04,0.18,0.22,0.2,0.22,0.13,0.16,0.23,0.2,0.26,0.2,0.066302784
0.09,0.12,0.07,0.18,0.09,0.12,0.19,0.19,0.16,0.1,0.14,0.14,0.18,0.17,0.16,0.06400517
0.05,0.1,0.09,0.17,0.09,0.17,0.2,0.15,0.29,0.26,0.14,0.17,0.17,0.25,0.17,0.06702111
0.11,0.09,0.17,0.15,0.09,0.1,0.16,0.12,0.15,0.09,0.13,0.12,0.16,0.14,0.15,0.06460966
0.09,0.16,0.09,0.18,0.01,0.11,0.2,0.16,0.13,0.21,0.15,0.15,0.11,0.19,0.15,0.06248749
0.05,0.1,0.14,0.18,0.05,0.08,0.15,0.12,0.12,0.37,0.1,0.08,0.16,0.18,0.12,0.063826196
0.11,0.07,0.12,0.14,0.09,0.22,0.14,0.16,0.15,0.09,0.11,0.13,0.15,0.14,0.17,0.06353812
0.06,0.1,0.09,0.22,0.09,0.16,0.15,0.13,0.12,0.09,0.13,0.15,0.12,0.2,0.11,0.06502656
0.19,0.13,0.19,0.18,0.06,0.11,0.17,0.16,0.16,0.2,0.16,0.16,0.14,0.19,0.17,0.06517409
0.09,0.06,0.1,0.16,0.04,0.08,0.15,0.16,0.15,0.1,0.12,0.12,0.15,0.18,0.12,0.06366667
0.08,0.21,0.12,0.16,0.06,0.13,0.15,0.13,0.19,0.14,0.12,0.11,0.13,0.17,0.16,0.06436665
0.1,0.08,0.13,0.12,0.09,0.08,0.14,0.17,0.14,0.12,0.12,0.13,0.13,0.14,0.1,0.064960085
0.06,0.16,0.17,0.14,0.07,0.12,0.15,0.17,0.14,0.35,0.14,0.13,0.18,0.25,0.15,0.06401116
0.05,0.14,0.11,0.14,,0.13,0.16,0.13,0.16,0.14,0.12,0.1,0.13,0.24,0.16,0.06457485
0.08,0.11,0.12,0.19,0.08,0.24,0.2,0.19,0.23,0.39,0.15,0.12,0.1,0.25,0.16,0.13155223
0.05,0.18,0.2,0.14,0.03,0.26,0.17,0.15,0.15,0.28,0.13,0.12,0.1,0.16,0.12,0.063766465
0.06,0.13,0.09,0.12,0.06,0.1,0.16,0.16,0.13,0.09,0.13,0.13,0.16,0.24,0.13,0.13406347
0.13,0.12,0.14,0.12,0.33,0.13,0.16,0.17,0.2,0.25,0.14,0.17,0.21,0.22,0.16,0.061987065
0.16,0.12,0.08,0.18,0.03,0.21,0.2,0.19,0.21,0.21,0.19,0.19,0.39,0.2,0.15,0.06555861
0.06,0.15,0.06,0.15,0.07,0.12,0.16,0.18,0.14,0.14,0.13,0.11,0.12,0.19,0.17,0.10554199
0.07,0.12,0.07,0.12,0.07,0.09,0.13,0.12,0.13,0.11,0.12,0.14,0.11,0.21,0.16,0.06423027
,,,,,,,,,,,,,,,
0.1,0.07,0.15,0.48,0.55,0.34,0.23,0.2,0.14,0.32,0.23,0.29,0.26,0.34,0.23,0.16195032
0.03,0.05,0.08,0.18,0.03,0.07,0.16,0.13,0.11,0.12,0.1,0.12,0.11,0.14,0.09,0.06543429
0.27,0.09,0.09,0.13,0.03,0.23,0.26,0.19,0.25,0.27,0.16,0.15,0.13,0.2,0.28,0.06583689999999999
0.04,0.07,0.13,0.14,0.06,0.09,0.13,0.12,0.12,0.12,0.12,0.12,0.14,0.22,0.12,0.06404178599999999
0.26,0.05,0.06,0.12,0.08,0.1,0.13,0.11,0.13,0.24,0.1,0.11,0.08,0.13,0.11,0.06492483
0.19,0.28,0.22,0.23,0.07,0.3,0.3,0.21,0.3,0.24,0.25,0.25,0.27,0.3,0.24,0.066789865
0.27,0.07,0.08,0.15,0.05,0.1,0.16,0.12,0.13,0.14,0.11,0.11,0.15,0.19,0.17,0.06418503
0.29,0.28,0.22,0.28,0.01,0.2,0.23,0.22,0.28,0.21,0.21,0.18,0.22,0.31,0.31,0.06484986
0.13,0.08,0.11,0.17,0.1,0.14,0.17,0.13,0.15,0.31,0.12,0.14,0.13,0.2,0.17,0.0635841
0.17,0.12,0.28,0.17,0.41,0.09,0.22,0.25,0.25,0.12,0.18,0.26,0.21,0.23,0.15,0.063663796
0.04,0.06,0.07,0.14,0.02,0.09,0.12,0.12,0.11,0.22,0.09,0.08,0.12,0.09,0.1,0.06482266
0.06,0.07,0.05,0.14,0.15,0.08,0.13,0.17,0.13,0.5,0.11,0.1,0.17,0.2,0.16,0.06396324
0.05,0.05,0.06,0.15,0.04,0.08,0.12,0.11,0.11,0.09,0.1,0.11,0.1,0.14,0.11,0.06499857
0.04,0.08,0.05,0.13,0.06,0.07,0.13,0.14,0.15,0.33,0.11,0.1,0.17,0.17,0.14,0.06498741
0.49,0.04,0.09,0.29,0.56,0.25,0.27,0.21,0.22,0.1,0.21,0.25,0.31,0.27,0.25,0.15423119
0.1,0.1,0.2,0.18,0.11,0.14,0.18,0.21,0.19,0.26,0.15,0.15,0.21,0.24,0.25,0.06485669
0.1,0.09,0.13,0.21,0.08,0.31,0.15,0.15,0.13,0.38,0.12,0.12,0.14,0.2,0.13,0.06568244
0.08,0.05,0.13,0.13,0.12,0.08,0.15,0.16,0.14,0.14,0.1,0.11,0.14,0.14,0.1,0.065649785
0.27,0.08,0.05,0.2,0.09,0.21,0.19,0.11,0.12,0.2,0.1,0.15,0.13,0.19,0.14,0.13097303
0.06,0.19,0.07,0.17,0.1,0.1,0.14,0.12,0.14,0.29,0.11,0.13,0.1,0.15,0.13,0.06516333
0.09,0.12,0.26,0.13,0.08,0.08,0.16,0.18,0.13,0.19,0.11,0.11,0.1,0.14,0.14,0.06353532
0.04,0.06,0.11,0.14,0.06,0.1,0.15,0.15,0.12,0.25,0.12,0.11,0.14,0.16,0.12,0.06501426
0.05,0.09,0.18,0.14,0.09,0.08,0.15,0.17,0.13,0.1,0.12,0.14,0.16,0.14,0.11,0.06426296
0.05,0.04,0.07,0.12,0.05,0.09,0.13,0.17,0.12,0.07,0.09,0.1,0.1,0.12,0.12,0.06517732
0.1,0.07,0.07,0.15,0.04,0.12,0.14,0.2,0.11,0.13,0.11,0.11,0.13,0.2,0.17,0.064132966
0.09,0.06,0.2,0.17,0.03,0.17,0.17,0.16,0.13,0.12,0.12,0.11,0.12,0.16,0.13,0.064008094
0.21,0.08,0.02,0.19,0.09,0.2,0.16,0.12,0.11,0.17,0.1,0.16,0.14,0.2,0.14,0.06331891
0.08,0.11,0.04,0.16,0.2,0.15,0.16,0.19,0.2,0.17,0.13,0.12,0.16,0.18,0.18,0.063497044
0.19,0.08,0.02,0.17,0.1,0.18,0.21,0.13,0.13,0.2,0.07,0.12,0.1,0.2,0.14,0.06521316
0.33,0.16,0.21,0.25,0.02,0.24,0.3,0.26,0.2,0.59,0.34,0.32,0.34,0.34,0.34,
0.34,0.21,0.21,0.64,,0.24,0.33,0.44,0.43,0.66,0.36,0.35,0.37,0.29,0.27,
0.05,0.09,0.1,0.14,0.06,0.17,0.13,0.15,0.11,0.37,0.09,0.09,0.25,0.18,0.09,0.06428351
0.13,0.2,0.17,0.2,0.07,0.11,0.22,0.17,0.2,0.11,0.15,0.14,0.15,0.18,0.17,0.13202809999999998
0.04,0.06,0.07,0.16,0.08,0.11,0.16,0.13,0.13,0.18,0.11,0.13,0.1,0.16,0.11,0.06333318
0.05,0.22,0.27,0.14,0.07,0.17,0.14,0.14,0.14,0.09,0.13,0.14,0.16,0.18,0.16,0.060720995
0.07,0.15,0.17,0.19,0.06,0.34,0.24,0.14,0.21,0.27,0.13,0.15,0.12,0.24,0.29,0.06580553
0.09,0.1,0.07,0.14,0.06,0.11,0.14,0.15,0.16,0.12,0.14,0.16,0.12,0.14,0.14,0.063355155
0.06,0.08,0.2,0.14,0.19,0.1,0.14,0.12,0.12,0.16,0.11,0.09,0.14,0.12,0.15,0.06469869
0.11,0.09,0.11,0.1,0.07,0.14,0.18,0.16,0.13,0.17,0.12,0.13,0.12,0.17,0.15,0.06481148
0.36,0.35,0.16,0.09,,0.21,0.22,0.22,0.19,0.05,0.22,0.25,0.19,0.22,0.21,
0.18,0.12,0.09,0.12,0.47,0.14,0.26,0.27,0.2,0.16,0.23,0.23,0.26,0.33,0.21,0.14349137
0.08,0.19,0.04,0.2,0.52,0.14,0.22,0.2,0.18,0.1,0.18,0.17,0.14,0.22,0.35,0.14193438
,,,,,,,,,,,,,,,0.0
0.07,0.12,0.06,0.0,0.0,0.0,0.0,0.0,0.07,0.1,0.01,0.01,0.0,0.01,0.12,0.028715748
0.0,0.02,0.01,0.0,0.04,0.13,0.07,0.02,0.05,0.08,0.03,0.04,0.06,0.03,0.09,0.024398725
0.27,,,0.52,0.15,0.29,0.44,0.17,0.22,0.17,,,0.39,0.62,,0.0
0.44,0.25,0.2,0.29,0.13,0.19,0.41,0.23,0.49,0.31,0.23,0.19,0.33,0.29,0.47,0.0
0.1,0.09,0.08,0.01,0.0,0.01,0.04,0.06,0.02,0.18,0.0,0.0,0.04,0.01,0.0,0.017494831000000002
0.04,0.02,0.12,0.01,0.19,0.04,0.01,0.07,0.15,0.14,0.0,0.0,0.08,0.08,0.08,0.013269775
0.0,0.01,0.04,0.01,0.04,0.06,0.0,0.01,0.01,0.0,0.04,0.05,0.01,0.02,0.08,0.019517206
0.04,0.03,0.01,0.01,0.02,0.0,0.03,0.09,0.01,0.0,0.01,0.01,0.01,0.0,0.03,0.016991554
0.03,0.02,0.08,0.04,0.08,0.08,0.06,0.05,0.02,0.08,0.0,0.0,0.02,0.01,0.0,0.01517381
0.01,0.04,0.02,0.01,0.12,0.02,0.04,0.03,0.04,0.0,0.03,0.01,0.02,0.01,0.17,0.02550309
0.04,0.07,0.06,0.01,0.04,0.08,0.0,0.03,0.0,0.12,0.0,0.0,0.0,0.01,0.0,0.023678241000000003
0.15,0.06,0.07,0.03,0.02,0.08,0.04,0.01,0.04,0.13,0.0,0.0,0.0,0.01,0.0,0.028073931
0.12,0.1,0.2,0.0,0.08,0.0,0.0,0.16,0.0,0.0,0.0,0.0,0.13,0.0,0.0,0.07039989999999999
0.14,0.11,0.01,0.08,0.08,0.17,0.13,0.19,0.18,0.16,0.0,0.0,0.22,0.13,0.0,0.048345
0.0,0.0,0.12,0.0,,0.0,0.0,0.0,0.0,0.0,0.0,0.0,0.0,0.0,0.0,0.07736858
0.11,0.14,0.05,0.35,0.07,0.21,0.6,0.1,0.68,0.28,,,0.5,0.54,0.4,0.0
0.18,0.09,0.14,0.0,0.07,0.0,0.0,0.39,0.0,0.19,0.0,0.0,0.18,0.0,0.0,0.04235905
0.02,0.01,0.01,0.03,0.14,0.0,0.05,0.06,0.0,0.0,0.02,0.15,0.06,0.02,0.08,0.07940168
0.03,0.02,0.01,0.0,0.02,0.0,0.03,0.11,0.01,0.0,0.0,0.01,0.05,0.01,0.0,0.01918676
0.03,0.08,0.06,0.01,,0.0,0.0,0.13,0.04,0.0,0.0,0.0,0.14,0.04,0.0,0.034765474
0.23,0.23,0.18,0.37,0.07,0.09,0.24,0.16,0.2,0.21,0.0,0.0,0.19,0.17,0.0,0.014139637
0.32,0.13,0.22,0.4,0.08,0.26,0.23,0.14,0.14,0.24,0.0,0.0,0.0,0.21,0.0,0.007070757
0.01,0.02,0.02,0.01,0.04,0.04,0.01,0.11,0.02,0.0,0.04,0.01,0.04,0.01,0.06,0.003987958
0.01,0.08,0.01,0.0,0.14,0.0,0.03,0.04,0.02,0.07,0.02,0.06,0.06,0.01,0.2,0.03517052
0.01,0.01,0.01,0.01,0.09,0.05,0.01,0.08,0.04,0.11,0.0,0.0,0.07,0.02,0.0,0.027609708
0.07,0.0,0.02,0.0,0.04,0.0,0.07,0.12,0.03,0.0,0.02,0.02,0.03,0.03,0.06,0.021936066
0.07,0.03,0.05,0.02,0.11,0.06,0.04,0.09,0.09,0.25,0.0,0.0,0.04,0.06,0.0,0.012274537
0.24,0.02,0.08,0.14,0.24,0.18,0.16,0.04,0.17,0.14,0.0,0.0,0.12,0.18,0.0,0.021204779
0.02,0.02,0.01,0.0,0.05,0.06,0.0,0.01,0.01,0.0,0.05,0.01,0.02,0.0,0.17,0.04278041
0.02,0.03,0.01,0.01,0.02,0.01,0.0,0.01,0.01,0.0,0.03,0.05,0.01,0.01,0.11,0.019410362
0.03,0.02,0.01,0.01,0.02,0.04,0.05,0.03,0.02,0.0,0.03,0.02,0.03,0.0,0.08,0.032721836000000004
,,,,,,,,,,,,,,,0.0
0.0,0.02,0.0,0.0,,0.0,0.02,0.1,0.02,0.13,0.03,0.05,0.06,0.02,0.01,0.0006746434399999999
0.0,0.06,0.01,0.01,0.1,0.01,0.03,0.08,0.02,0.18,0.07,0.07,0.04,0.01,0.17,0.045692716
,,,,,,,,,,,,,,,0.0
,,,,,,,,,,,,,,,0.0
0.01,0.01,0.02,0.01,0.03,0.0,0.07,0.08,0.01,0.0,0.02,0.05,0.08,0.01,0.0,0.009604957
0.01,0.01,0.03,0.0,0.0,0.0,0.07,0.0,0.0,0.0,0.0,0.03,0.01,0.02,0.0,0.015000963
0.0,0.01,0.04,0.0,0.02,0.0,0.03,0.02,0.0,0.0,0.01,0.06,0.0,0.0,0.0,0.031855542
0.0,0.0,0.07,0.0,0.01,0.0,0.06,0.01,0.03,0.0,0.02,0.01,0.01,0.01,0.0,0.048878353
0.05,0.06,0.06,0.01,0.06,0.0,0.03,0.13,0.01,0.0,0.01,0.01,0.0,0.02,0.0,0.016878393000000002
0.04,0.02,0.02,0.01,0.03,0.0,0.03,0.06,0.01,0.0,0.01,0.06,0.03,0.01,0.0,0.0066275587
,,,,,,,,,,,,,,,0.0
,,,,,,,,,,,,,,,0.0
,,,,,0.19,,,0.08,,0.0,0.0,,0.1,0.0,0.03481356
0.04,0.02,0.01,0.01,0.07,0.01,0.01,0.01,0.01,,0.06,0.05,0.03,0.02,0.0,0.029722676
,,,,,,,,,,,,,,,0.0
0.02,0.01,0.02,0.01,0.03,0.0,0.02,0.04,0.02,0.0,0.02,0.01,0.01,0.01,0.0,0.012204545
,,,,,,,,,,,,,,,0.0
0.01,0.02,0.02,0.01,0.01,0.0,0.01,0.02,0.0,0.0,0.0,0.07,0.01,0.0,0.0,0.0076300525
0.04,0.01,0.03,0.03,0.0,0.0,0.05,0.06,0.01,0.0,0.0,0.02,0.01,0.03,0.0,0.0032040887
0.01,0.04,0.05,0.01,0.01,0.0,0.06,0.01,0.01,0.0,0.03,0.02,0.01,0.03,0.0,0.012535147
0.01,0.03,0.05,0.02,0.04,0.0,0.01,0.06,0.0,0.0,0.01,0.02,0.05,0.01,0.0,0.010920097
0.0,0.01,0.04,0.01,0.04,0.0,0.01,0.08,0.03,0.0,0.01,0.0,0.03,0.01,0.0,0.010549023
0.0,0.0,0.0,0.0,0.0,0.0,0.0,0.0,0.0,0.0,0.0,0.0,0.0,0.0,0.0,0.0
0.07,0.03,0.05,0.05,0.04,0.0,0.08,0.03,0.0,0.0,0.02,0.07,0.07,0.01,0.0,0.038808946
0.02,0.0,0.02,0.01,0.01,0.0,0.08,0.05,0.01,0.0,0.02,0.01,0.04,0.01,0.0,0.028391961
0.01,0.03,0.01,0.01,0.06,0.0,0.03,0.01,0.02,0.0,0.0,0.0,0.04,0.02,0.0,0.0039879577
0.03,0.04,0.01,0.0,,0.02,0.02,0.11,0.03,0.0,0.02,0.05,0.06,0.0,0.0,0.032673128
0.02,0.01,0.02,0.0,0.03,0.0,0.06,0.04,0.02,0.0,0.01,0.02,0.02,0.0,0.0,0.052387234000000005
,,,,,,,,,,,,,,,0.0
,,,,,,,,,,,,,,,0.0
0.01,0.01,0.0,0.01,0.03,0.0,0.02,0.06,0.0,0.0,0.0,0.0,0.03,0.01,0.0,0.019108089
0.03,0.04,0.02,0.01,0.02,0.0,0.08,0.04,0.0,0.0,0.01,0.01,0.01,0.0,0.0,0.021210246
0.05,0.01,0.02,0.05,0.04,0.0,0.07,0.05,0.01,0.0,0.0,0.01,0.03,0.03,0.0,0.035014212
0.01,0.01,0.02,0.04,0.05,0.0,0.05,0.08,0.08,0.0,0.01,0.03,0.09,0.01,0.0,0.041888405
0.0,0.01,0.02,0.01,0.01,0.06,0.01,0.03,0.03,,0.02,0.03,0.06,0.01,0.0,0.010278731
0.03,0.01,0.13,0.02,,0.06,0.05,0.0,0.03,0.0,0.02,0.03,0.01,0.02,0.0,0.021483589
,,,,,,,,,,,,,,,0.0
0.0,0.0,0.01,0.01,0.01,0.0,0.07,0.03,0.02,0.0,0.01,0.07,0.03,0.04,0.0,0.0033835317
0.02,0.01,0.0,0.02,0.04,0.0,0.07,0.02,0.02,0.0,0.01,0.0,0.04,0.01,0.0,0.011860113
,,,,,,,,,,,,,,,0.0
,,,,,,,,,,,,,,,0.13763142
0.01,0.01,0.05,0.01,0.0,0.0,0.08,0.04,0.01,0.0,0.0,0.0,0.0,0.02,0.0,0.019108055
0.01,0.03,0.01,0.04,0.03,0.0,0.07,0.06,0.01,0.0,0.01,0.01,0.0,0.0,0.0,0.008867666
,,,,,,,,,,,,,,,0.0
,,,,,,,,,,,,,,,0.0
,,,,,,,,,,,,,,,0.0
0.01,0.02,0.0,0.0,0.04,0.0,0.02,0.06,0.01,0.0,0.01,0.01,0.03,0.01,0.0,0.0016821052
,,,,,,,,,,,,,,,0.0
0.04,0.03,0.01,0.03,0.01,0.0,0.07,0.05,0.02,0.0,0.01,0.0,0.04,0.01,0.0,0.039668202
,,,,,,,,,,,,,,,0.033868342999999995
0.0,,,0.0,,,0.0,0.0,0.0,,0.0,0.0,0.0,0.0,,0.24091877
0.03,0.03,0.03,0.01,0.01,0.0,0.07,0.03,0.0,0.0,0.01,0.07,0.01,0.01,0.0,0.014098471
0.01,0.0,0.02,0.03,0.01,0.0,0.07,0.07,0.01,0.0,0.03,0.01,0.08,0.0,0.0,0.004359827
0.03,0.02,0.05,0.02,0.06,0.0,0.01,0.04,0.03,0.0,0.0,0.02,0.05,0.02,0.0,0.0094784945
0.05,0.03,0.0,0.04,0.03,0.0,0.06,0.03,0.0,0.0,0.02,0.02,0.05,0.03,0.0,0.035416964
0.03,0.02,0.01,0.01,0.02,0.0,0.03,0.0,0.02,0.0,0.03,0.02,0.01,0.0,0.0,0.010752423999999998
,0.02,0.01,,,,0.1,0.01,,,0.0,0.0,0.19,,0.0,0.0
0.01,,0.01,0.03,0.04,0.0,0.07,0.02,0.05,0.0,0.0,0.0,0.04,0.03,0.0,0.027558664
,,,,0.0,0.03,,,,,0.0,0.0,0.11,,0.0,0.13897394
0.02,0.03,0.0,0.0,0.0,0.06,0.03,0.03,0.02,0.0,0.06,0.04,0.01,0.03,0.0,0.041222233
0.01,0.0,0.05,0.04,0.04,0.0,0.03,0.06,0.03,0.0,0.02,0.01,0.03,0.01,0.0,0.02597338
0.01,0.01,0.03,0.0,0.02,0.0,0.1,0.04,0.03,0.0,0.01,0.01,0.01,0.0,0.0,0.022767318
0.0,0.02,0.01,0.01,0.01,0.0,0.02,0.01,0.01,0.0,0.02,0.01,0.02,0.03,0.0,0.006792339499999999
,,,,,,,,,,,,,,,0.0
0.01,0.01,0.02,0.05,0.0,0.0,0.08,0.04,0.04,0.0,0.0,0.02,0.01,0.0,0.0,0.01256849
,,,,,,,,,,,,,,,0.0
0.05,0.01,0.06,0.09,0.06,0.0,0.07,0.06,0.02,0.0,0.03,0.04,0.09,0.03,0.0,0.0089654615
0.03,0.02,0.01,0.01,0.01,0.0,0.03,0.04,0.03,0.0,0.03,0.04,0.02,0.03,0.0,0.0047081886
0.0,0.0,0.0,0.0,0.0,0.0,0.0,0.0,0.0,0.0,0.0,0.0,0.0,0.0,,0.0
0.03,0.05,0.02,0.02,0.02,0.0,0.02,0.04,0.0,0.0,0.02,0.03,0.04,0.02,0.0,0.013189586
0.06,0.0,0.04,0.01,0.01,0.02,0.01,0.02,0.03,0.0,0.04,0.02,0.04,0.0,0.0,0.018373394
0.06,0.01,0.04,0.01,0.01,0.0,0.02,0.04,0.01,0.0,0.0,0.05,0.06,0.01,0.0,0.043348473
0.03,0.04,0.05,0.0,0.04,0.04,0.1,0.04,0.0,0.0,0.02,0.03,0.0,0.01,0.0,0.035961792
,,,,,,,,,,,,,,,0.0
0.0,0.01,0.01,0.01,0.01,0.0,0.07,0.04,0.0,0.0,0.0,0.03,0.05,0.0,0.0,0.024781719
0.01,0.0,0.01,0.01,0.0,0.01,0.07,0.01,0.05,0.0,0.02,0.04,0.08,0.01,0.0,0.026210876
0.03,0.01,0.02,0.01,0.03,0.0,0.07,0.01,0.01,0.0,0.0,0.02,0.01,0.03,0.0,0.024241233
,,,,,,,,,,,,,,,0.0
,,,,,,,,,,,,,,,0.0
,,,,,,,,,,0.2,0.05,,,,0.0
0.0,0.01,0.01,0.01,0.3,0.07,0.02,0.08,0.01,0.0,0.05,0.02,0.01,0.01,0.2,0.026446663
0.05,0.03,0.0,0.01,0.05,0.0,0.04,0.08,0.02,0.14,0.01,0.01,0.07,0.0,0.01,0.014228281
0.11,0.01,,0.05,0.53,0.17,0.19,0.14,0.15,0.17,0.17,0.16,0.15,0.21,0.24,0.0
0.03,0.03,0.01,0.0,0.01,0.0,0.04,0.02,0.01,0.0,0.0,0.06,0.0,0.01,0.08,0.034227762
,,,,,,,,,,0.19,0.08,,,,0.0
0.0,0.05,0.02,0.02,0.02,0.0,0.07,0.04,0.02,0.0,0.01,0.01,0.07,0.0,0.01,0.01117631
0.02,0.02,0.02,0.0,0.08,0.0,0.08,0.01,0.01,0.0,0.01,0.02,0.06,0.01,0.01,0.005055829
0.12,0.16,,0.01,0.0,0.0,0.02,0.29,0.03,0.0,0.04,0.04,0.23,0.03,0.08,0.032671034
,,,,,,,,,,,,,,,0.0
0.02,0.01,0.04,0.0,0.02,0.0,0.11,0.03,0.06,0.0,0.0,0.03,0.03,0.01,0.2,0.020708919
0.02,0.01,0.04,0.01,0.01,0.0,0.02,0.02,0.02,0.0,0.0,0.06,0.03,0.04,0.01,0.022529047000000003
0.39,0.01,0.21,0.3,0.26,0.29,0.15,0.01,0.16,0.35,0.0,0.0,0.29,0.27,0.0,0.10502405
0.4,0.12,0.07,0.53,,0.5,0.23,0.43,0.23,0.38,0.17,0.14,0.13,0.29,0.42,0.0
0.06,0.0,0.02,0.01,0.08,0.0,0.01,0.06,0.01,0.0,0.0,0.02,0.04,0.02,0.01,0.0133480495
0.22,0.34,0.1,0.17,,0.28,0.22,0.06,0.21,0.3,0.0,0.0,0.11,0.17,0.0,0.014139646
0.01,0.01,0.02,0.01,0.06,0.01,0.03,0.08,0.03,0.0,0.03,0.03,0.08,0.0,0.04,0.021544645
0.0,0.02,,0.04,0.03,0.1,0.14,0.05,0.03,0.02,0.0,0.0,0.08,0.01,0.0,0.091243364
,,,,,,,,,,,,,,,0.0
0.28,0.35,,0.19,,0.22,0.26,0.23,0.34,0.14,0.34,0.21,0.33,0.2,0.05,0.0065723937
0.03,0.01,0.03,0.02,0.07,0.16,0.05,0.13,0.06,0.0,0.02,0.01,0.04,0.01,0.05,0.009904486
0.0,0.02,0.03,0.0,0.02,0.0,0.02,0.08,0.01,0.0,0.01,0.0,0.06,0.02,0.0,0.030849518
0.13,0.2,0.11,0.24,0.3,0.23,0.21,0.13,0.23,0.25,0.17,0.17,0.16,0.22,0.51,0.0
,,,,,,,,,,,,,,,0.0
0.24,0.08,,0.09,,0.03,0.24,0.38,0.22,0.29,,,0.26,0.19,,0.0
0.05,0.01,0.01,0.0,0.08,0.0,0.09,0.04,0.0,0.0,0.02,0.02,0.04,0.0,0.06,0.031923693
0.04,0.01,0.03,0.01,0.11,0.0,0.02,0.08,0.04,0.0,0.0,0.0,0.04,0.01,0.04,0.019288756
0.16,0.21,0.02,0.05,,0.12,0.08,0.18,0.04,0.14,0.0,0.0,0.16,0.07,0.0,0.042338952
0.01,0.04,0.08,0.08,0.08,0.0,0.06,0.06,0.01,0.0,0.03,0.09,0.01,0.04,0.0,0.06977655
0.24,0.18,0.19,0.31,,0.28,0.62,0.4,0.33,0.23,0.22,0.15,0.32,0.3,0.31,0.0
0.3,0.12,,0.71,,0.28,0.75,0.41,0.75,0.63,,,0.45,0.51,0.39,0.0
0.01,0.0,0.03,0.02,0.03,0.0,0.08,0.03,0.01,0.0,0.01,0.04,0.05,0.01,0.05,0.016365198
0.01,0.03,0.03,0.03,0.01,0.0,0.08,0.08,0.01,0.0,0.03,0.02,0.09,0.01,0.21,0.027411748
0.08,0.05,0.2,0.06,0.15,0.04,0.01,0.08,0.08,0.13,0.0,0.0,0.02,0.01,0.0,0.029939817
,,,,,,,,,,,,,,,0.0
0.53,0.11,,0.46,,0.18,0.53,0.56,0.55,0.26,0.34,0.13,0.57,0.49,0.36,0.0
0.1,0.0,0.07,0.06,0.04,0.0,0.03,0.05,0.0,0.09,0.0,0.08,0.01,0.01,0.0,0.08036597
0.0,0.0,0.0,0.01,0.02,0.07,0.02,0.0,0.02,0.0,0.04,0.04,0.04,0.02,0.23,0.02025349
0.22,0.3,0.11,0.44,0.08,0.43,0.27,0.15,0.15,0.21,0.0,0.0,0.12,0.25,0.0,0.0876741
0.01,0.01,0.02,0.03,0.01,0.0,0.08,0.04,0.01,0.0,0.02,0.01,0.05,0.01,0.23,0.03033381
0.01,0.01,0.03,0.02,0.04,0.0,0.05,0.03,0.05,0.0,0.01,0.03,0.01,0.02,0.12,0.015197737
0.12,0.08,0.07,0.17,,0.11,0.14,0.14,0.19,0.19,0.17,0.18,0.14,0.13,0.13,0.0049496386
0.02,0.02,0.0,0.02,0.01,0.0,0.07,0.03,0.05,0.0,0.0,0.01,0.01,0.01,0.13,0.035619732
0.05,0.01,0.01,0.06,0.04,0.0,0.08,0.07,0.03,0.0,0.06,0.04,0.13,0.03,0.15,0.048806082
0.01,0.02,0.01,0.04,0.03,0.0,0.08,0.04,0.0,0.0,0.01,0.02,0.02,0.02,0.08,0.025986047
0.01,0.12,,0.0,0.02,0.0,0.01,0.07,0.02,0.0,0.01,0.03,0.03,0.01,0.09,0.026140098
0.08,0.0,0.02,0.06,0.11,0.0,0.35,0.09,0.01,0.0,0.0,0.0,0.01,0.04,0.06,0.0
0.01,0.02,0.01,0.0,0.03,0.0,0.09,0.0,0.01,0.0,0.02,0.02,0.04,0.03,0.09,0.0581278
,,,,,,,,,,,,,,,0.0
0.12,0.07,0.04,0.08,0.07,0.06,0.1,0.1,0.12,0.19,0.07,0.07,0.11,0.08,0.1,0.10388453
0.09,0.08,0.08,0.1,0.1,0.07,0.09,0.1,0.14,0.17,0.08,0.06,0.1,0.07,0.13,0.10183573
0.09,0.07,0.02,0.19,0.05,0.06,0.07,0.08,0.09,0.08,0.06,0.06,0.07,0.07,0.07,0.10510137
0.11,0.08,0.02,0.09,0.05,0.06,0.07,0.08,0.09,0.06,0.06,0.06,0.07,0.07,0.07,0.10400332
,,,,,,,,,,0.12893026,,,,,
0.02,0.09,0.02,0.09,0.06,0.06,0.08,0.08,0.09,0.02,0.07,0.1,0.07,0.07,0.1,0.10325727
0.08,0.1,0.02,0.14,0.1,0.21,0.09,0.11,0.15,0.17,0.09,0.11,0.12,0.08,0.18,0.10063431
0.03,0.07,0.01,0.08,0.08,0.07,0.08,0.11,0.12,0.07,0.08,0.09,0.11,0.08,0.12,0.10558416
0.04,0.01,0.12,,0.43,0.12,0.15,0.1,0.17,0.45,0.14,0.25,0.14,0.12,0.23,0.15928748
0.05,0.07,0.04,0.09,0.04,0.06,0.07,0.07,0.11,0.05,0.06,0.05,0.05,0.07,0.06,0.10430725
0.11,0.05,0.03,0.09,0.06,0.06,0.07,0.09,0.1,0.13,0.06,0.08,0.09,0.06,0.07,0.10597175
0.11,0.09,0.02,0.09,0.05,0.07,0.08,0.1,0.1,0.2,0.07,0.1,0.07,0.07,0.06,0.10349129
0.09,0.07,0.03,0.1,0.09,0.06,0.07,0.1,0.1,0.06,0.06,0.05,0.09,0.06,0.09,0.103939824
0.12,0.06,0.03,0.16,0.12,0.1,0.1,0.14,0.14,0.11,0.09,0.07,0.11,0.08,0.12,0.10150204
0.04,0.06,0.03,0.09,0.06,0.05,0.08,0.06,0.08,0.09,0.07,0.11,0.08,0.1,0.13,0.10292177
0.1,0.05,0.13,0.13,0.05,0.07,0.08,0.09,0.1,0.05,0.07,0.05,0.1,0.07,0.1,0.10412692
0.3,0.07,0.1,0.28,0.45,0.43,0.32,0.31,0.35,0.22,0.16,0.19,0.27,0.34,0.19,0.104782574
,,0.18,0.08,0.18,0.16,0.29,0.09,0.16,,0.32,0.29,0.55,0.27,0.22,
0.11,0.05,0.01,0.16,0.14,0.1,0.15,0.15,0.18,0.25,0.11,0.09,0.12,0.13,0.14,0.10052507
0.04,0.07,0.03,0.15,0.01,0.05,0.07,0.07,0.08,0.09,0.07,0.09,0.09,0.1,0.23,0.105564885
0.11,0.05,0.03,0.05,0.07,0.07,0.09,0.1,0.1,0.05,0.08,0.1,0.09,0.08,0.1,0.103061594
0.02,0.01,,0.0,,0.05,0.02,0.12,0.0,0.0,0.01,0.01,0.11,0.0,0.01,0.036320418
0.04,0.04,0.01,0.0,,0.06,0.03,0.01,0.01,0.0,0.03,0.0,0.08,0.01,0.02,0.0067922585
0.03,0.03,0.02,0.02,,0.04,0.0,0.0,0.03,0.13,0.0,0.03,0.05,0.03,0.02,0.033671223
0.02,0.01,0.04,0.01,,0.13,0.01,0.0,0.0,0.0,0.02,0.01,0.07,0.0,0.04,0.027409645
0.01,0.0,0.02,0.01,0.15,0.0,0.0,0.04,0.05,0.0,0.0,0.02,0.06,0.01,0.04,0.031445876
0.01,0.01,,0.0,0.01,0.07,0.03,0.09,0.01,0.0,0.02,0.03,0.04,0.0,0.03,0.013886283
0.59,0.37,,0.15,,0.04,0.47,,0.55,0.14,,,0.12,0.34,0.28,0.0
0.05,0.0,0.0,0.01,,0.01,0.05,0.02,0.01,0.0,0.0,0.0,0.09,0.0,0.2,0.007157266
0.04,0.05,0.03,0.0,0.0,0.11,0.05,0.05,0.02,0.0,0.04,0.02,0.14,0.03,0.03,0.08102539
,,,,,,,,,,,,,,,0.0
0.04,0.12,0.04,0.01,,0.04,0.03,,0.03,0.0,0.02,0.05,,0.01,0.01,0.013557147
0.0,0.06,0.01,0.0,,0.03,0.03,,0.01,0.0,0.04,0.0,0.07,0.01,0.0,0.021902539
0.0,0.0,0.0,0.0,,0.0,0.0,0.0,0.0,,0.0,0.0,0.0,0.0,0.0,0.0493906
,,,,,,,,,,,,,,,0.0
,,,,,,,,,,,,,,,0.0
0.09,0.02,0.06,0.03,,0.11,0.15,,0.17,,0.0,0.0,0.09,0.04,,0.07736857
,,,,,,,,,,,,,,,0.0
,,,,,,,,,,,,,,,0.0
,,,,,,,,,,,,,,,0.0
,,,,,,,,,,,,,,,0.0
0.11,0.04,0.0,0.04,0.13,0.01,0.02,0.17,0.06,0.0,0.08,0.06,0.03,0.02,0.18,0.102894604
0.15,0.07,0.07,,,0.04,0.11,0.16,0.06,0.0,0.0,0.0,0.1,0.01,0.0,0.11187455
0.01,0.11,0.02,0.0,0.0,0.02,0.02,,0.06,0.0,0.0,0.0,,0.01,,0.026849087
,,,,,,,,,,,,,,,0.0
,0.1,0.06,0.08,0.17,0.02,0.15,0.1,0.15,0.0,0.0,0.0,0.06,0.01,0.0,0.035724007
0.01,0.05,0.0,0.05,,0.06,0.04,0.04,0.01,0.0,0.02,0.05,0.04,0.03,0.15,0.022865022
0.11,0.05,0.01,0.01,0.04,0.08,0.04,0.01,0.01,0.0,0.04,0.03,0.04,0.01,0.06,0.01571727
0.01,0.09,0.02,0.01,0.05,0.02,0.05,0.08,0.0,,0.06,0.01,0.0,0.02,0.02,0.003357723
,,,,,,,,,,,,,,,0.0
0.0,0.01,0.01,0.02,0.02,0.0,0.06,0.06,0.01,0.0,0.01,0.01,0.11,0.01,0.18,0.03984652
,,,,,,,,,,,,,,,0.0
,,,,,,,,,,,,,,,0.0
0.0,0.03,0.01,0.11,0.05,0.0,0.11,0.02,0.04,,0.04,0.07,0.06,0.04,0.12,0.058417752
0.03,0.01,0.0,0.01,,0.01,0.01,0.17,0.02,0.0,0.04,0.01,0.09,0.01,0.07,0.017367737
,,,,,,,,,,,,,,,0.0
0.12,0.03,0.01,0.12,,0.08,0.13,0.09,0.18,,0.0,0.0,0.01,0.06,0.0,7.5672105e-08
,,,,,,,,,,,,,,,0.0
0.09,0.3,,0.06,0.2,0.01,,0.11,,,0.0,0.0,,0.01,0.0,0.13897394
0.11,0.12,0.01,,0.08,0.11,,0.12,0.13,,0.0,0.0,0.04,0.0,0.0,0.056409143
0.0,0.04,0.11,0.02,,0.0,0.02,0.07,0.02,,0.02,0.0,0.11,0.0,0.04,0.025095815
0.01,0.05,0.01,0.02,,0.04,0.07,0.06,0.01,0.0,0.05,0.1,0.05,0.02,0.25,0.040798604
,,,,,,,,,,,,,,,0.0
,,,,,,,,,,,,,,,0.0
,,,,,,,,,,,,,,,0.0
,,,,,,,,,,,,,,,0.0
,,,,,,,,,,,,,,,0.0
,0.24,,,,,,0.04,0.1,,0.0,0.0,,0.19,0.0,0.1212402
0.0,0.0,,0.0,,0.0,0.0,0.0,0.0,,0.0,0.0,0.0,0.0,0.0,0.007070753000000002
,,,,,,,,,,,,,,,0.0
,,,,,,,,,,,,,,,0.0
,,,,,,,,,,,,,,,0.0
0.04,0.07,0.04,0.1,0.01,0.03,0.01,0.04,0.14,,0.0,0.0,0.04,0.05,0.0,0.04109797
0.01,0.02,0.04,0.0,0.01,0.04,0.05,0.01,0.0,0.0,0.06,0.05,0.01,0.02,0.06,0.041700136
,,,,,,,,,,,,,,,0.0
0.04,0.11,,0.18,0.15,0.01,0.1,0.13,0.03,,0.0,0.0,0.04,0.01,0.0,0.033910554
0.0,,0.0,0.0,0.0,0.0,0.0,0.0,0.0,,0.0,0.0,0.0,0.0,0.0,0.11187454
,,,,,,,,,,,,,,,0.0
0.11,0.1,0.05,0.12,0.14,0.18,0.11,0.14,0.2,0.16,0.09,0.1,0.1,0.1,0.13,0.06342354
0.06,0.01,0.01,0.0,,0.04,0.07,0.03,0.05,,0.03,0.02,0.1,0.01,0.1,0.01906496
,,0.13,,,0.07,,,0.02,,0.0,0.0,,,0.0,0.11869617
0.08,0.07,0.05,0.11,0.13,0.33,0.12,0.13,0.17,0.24,0.1,0.12,0.12,0.19,0.16,0.06660561
,,,,,,,,,,,,,,,0.0
0.02,0.0,0.0,0.01,0.03,0.03,0.04,0.06,0.02,0.0,0.02,0.02,0.04,0.01,0.11,0.01835419
0.07,0.08,0.09,0.13,0.19,0.23,0.17,0.22,0.29,0.25,0.12,0.11,0.15,0.24,0.2,0.06564781
,,,,,,,,,,,,,,,0.0
0.12,0.08,0.12,0.15,0.12,0.15,0.14,0.14,0.2,0.29,0.11,0.11,0.13,0.19,0.11,0.06699043
,,,,,,,,,,,,,,,0.0
,,,,,,,,,,,,,,,0.0
0.04,0.03,0.01,0.02,,0.01,0.01,0.06,0.0,0.0,0.02,0.02,0.03,0.02,0.07,0.0067923362
,,,,,,,,,,,,,,,0.0
,,,,,,,,,,,,,,,0.0
0.04,0.07,0.03,0.14,0.13,0.22,0.15,0.17,0.21,0.25,0.13,0.15,0.12,0.17,0.16,0.06634851
0.03,0.14,0.02,0.01,,0.0,0.04,,0.03,,0.02,0.02,0.17,0.03,0.04,0.01821008
,,0.04,,0.1,0.11,,0.17,0.18,,0.0,0.0,0.14,0.12,0.0,0.09124339
,,,,,,,,,,,,,,,0.0
,,,,,,,,,,,,,,,0.0
0.32,0.04,0.1,0.19,0.15,0.28,0.3,0.23,0.16,0.24,0.08,0.11,0.13,0.29,0.11,0.064106025
,,,,,,,,,,,,,,,0.0
,,,,,,,,,,,,,,,0.0
,,,,,,,,,,,,,,,0.0
,,,,,,,,,,,,,,,0.0
0.01,0.02,0.03,0.0,0.0,0.04,0.01,0.02,0.01,0.0,0.02,0.0,0.09,0.01,0.12,0.049218107
,,,,,,,,,,,,,,,0.0
,,,,,,,,,,,,,,,0.0
0.04,,0.01,,,0.1,,0.18,,,0.0,0.0,0.13,0.16,0.0,0.063412845
0.08,0.11,0.06,0.02,,0.1,0.01,,0.03,0.0,0.0,0.0,,0.1,0.0,0.022849372000000003
0.03,0.07,0.0,0.01,,0.01,0.02,0.02,0.01,0.0,0.01,0.01,0.09,0.0,0.06,0.008867671
0.0,0.0,,0.0,,0.0,0.0,,0.0,,0.0,0.0,0.0,0.0,0.0,0.0
0.03,0.02,0.02,0.03,0.18,0.06,0.08,0.05,0.03,,0.07,0.01,0.18,0.02,0.0,0.0
0.0,0.03,0.05,0.0,,0.04,0.02,0.0,0.01,0.0,0.03,0.01,0.04,0.0,0.08,0.021843033
0.01,0.04,,0.07,,0.08,0.11,0.13,0.17,0.0,0.0,0.0,0.11,0.04,0.0,0.040246118
,,,,,,,,,,,,,,,0.0
,,,,,,,,,,,,,,,0.0
0.01,0.01,0.02,0.0,0.03,0.0,0.06,0.04,0.05,0.0,0.03,0.02,0.0,0.02,0.01,0.0029351346
0.01,0.22,0.0,,0.18,0.07,0.09,0.13,,,0.0,0.0,0.13,0.02,0.0,0.11752711
,,,,,,,,,,,,,,,0.0
,,,,,,,,,,,,,,,0.0
0.05,0.01,0.03,0.01,,0.01,0.05,0.06,0.03,0.0,0.04,0.0,0.08,0.01,0.0,0.019575587
,,,,,,,,,,,,,,,0.0
,,,,,,,,,,,,,,,0.0
0.1,0.03,0.06,0.04,0.01,0.0,0.06,0.11,0.0,0.0,0.03,0.05,0.07,0.02,0.06,0.006529784300000001
0.09,0.09,0.05,0.08,0.08,0.17,0.11,0.1,0.16,0.16,0.09,0.11,0.08,0.12,0.07,0.061418038
0.11,0.07,0.06,0.12,0.16,0.17,0.1,0.15,0.13,0.17,0.1,0.12,0.06,0.11,0.14,0.06292352
0.17,0.14,0.05,0.13,0.11,0.25,0.14,0.18,0.12,0.15,0.09,0.08,0.11,0.12,0.14,0.06393266
0.04,0.06,0.05,0.11,0.13,0.13,0.12,0.11,0.11,0.09,0.09,0.07,0.08,0.09,0.1,0.06366335599999999
0.08,0.16,0.05,0.11,0.22,0.19,0.19,0.12,0.27,0.12,0.12,0.1,0.1,0.17,0.09,0.067019366
0.06,0.08,0.05,0.11,0.1,0.14,0.1,0.13,0.11,0.12,0.09,0.11,0.09,0.1,0.1,0.062193807
0.06,0.09,0.04,0.08,0.15,0.15,0.12,0.11,0.12,0.1,0.1,0.08,0.07,0.14,0.11,0.06512625
0.05,0.1,0.1,0.12,0.14,0.23,0.12,0.09,0.17,0.16,0.1,0.11,0.09,0.15,0.12,0.0631972
0.09,0.1,0.04,0.08,0.15,0.28,0.11,0.13,0.13,0.14,0.09,0.08,0.08,0.14,0.12,0.06351040000000001
0.05,0.1,0.05,0.12,0.12,0.16,0.11,0.09,0.11,0.14,0.09,0.09,0.07,0.1,0.09,0.06411411
0.07,0.07,0.04,0.11,0.14,0.18,0.1,0.1,0.13,0.17,0.09,0.1,0.09,0.13,0.13,0.06337012
0.23,0.1,0.06,0.25,0.17,0.26,0.23,0.28,0.19,0.54,0.19,0.16,0.16,0.29,0.27,0.06540868
0.12,0.1,0.04,0.12,0.12,0.13,0.13,0.12,0.15,0.22,0.1,0.1,0.07,0.1,0.14,0.06691878
0.11,0.12,0.02,0.14,0.17,0.14,0.13,0.16,0.19,0.13,0.11,0.11,0.08,0.15,0.17,0.06381121
0.15,0.08,0.1,0.16,0.27,0.26,0.2,0.17,0.31,0.19,0.14,0.11,0.14,0.25,0.16,0.06704757
0.37,0.04,0.03,0.27,0.25,0.26,0.29,0.35,0.23,0.18,0.12,0.12,0.14,0.31,0.13,0.06428017
0.07,0.1,0.06,0.11,0.14,0.3,0.2,0.19,0.35,0.26,0.15,0.17,0.12,0.28,0.25,0.06776119
0.1,0.13,0.03,0.14,0.13,0.23,0.16,0.14,0.17,0.38,0.11,0.12,0.09,0.19,0.17,0.06836431
0.5,0.08,0.03,0.28,0.28,0.24,0.26,0.37,0.21,0.21,0.12,0.16,0.14,0.34,0.23,0.12631649
0.29,0.1,0.04,0.12,0.05,0.17,0.21,0.15,0.24,0.48,0.14,0.14,0.16,0.2,0.2,0.06823622
0.51,0.09,0.05,0.18,0.06,0.32,0.23,0.12,0.28,0.24,0.15,0.16,0.06,0.29,0.25,0.06790123
0.42,0.8,0.44,0.51,0.26,0.41,0.57,0.39,0.51,0.4,0.47,0.71,0.44,0.83,0.63,0.13270454
0.1,0.13,0.02,0.13,0.06,0.15,0.22,0.16,0.26,0.17,0.13,0.13,0.12,0.27,0.14,0.12783697
0.09,0.13,0.07,0.1,0.14,0.19,0.14,0.14,0.19,0.16,0.12,0.11,0.06,0.18,0.12,0.0652502
0.07,0.16,0.05,0.11,0.15,0.47,0.2,0.17,0.22,0.52,0.14,0.14,0.12,0.25,0.18,0.06479358
0.24,0.26,0.3,0.45,0.75,0.45,0.42,0.51,0.48,0.01,0.34,0.33,0.42,0.53,0.05,0.13715167
0.05,0.08,0.09,0.12,0.15,0.17,0.15,0.18,0.18,0.23,0.14,0.14,0.12,0.22,0.11,0.06853509
0.0,0.0,0.07,0.0,0.14,0.0,0.0,0.19,0.0,0.0,0.0,0.0,0.17,0.0,0.0,0.04235906
0.0,0.01,0.08,0.02,,0.04,0.05,0.15,0.02,0.0,0.02,0.01,0.11,0.02,0.05,0.03896086
0.03,0.07,0.05,0.05,0.07,0.08,0.08,0.08,0.09,0.07,0.06,0.07,0.06,0.08,0.08,0.06463051
0.0,0.01,0.01,0.01,0.05,0.0,0.02,0.04,0.02,0.0,0.01,0.02,0.05,0.02,0.01,0.024858024
0.12,0.09,0.07,0.12,0.06,0.15,0.1,0.11,0.11,0.1,0.08,0.1,0.09,0.14,0.1,0.06419838
0.08,0.07,0.06,0.07,0.07,0.08,0.08,0.09,0.08,0.07,0.07,0.07,0.06,0.11,0.06,0.065314576
0.04,0.06,0.06,0.07,0.07,0.07,0.08,0.07,0.08,0.08,0.06,0.06,0.06,0.06,0.07,0.06502152
0.0,0.01,0.01,0.0,0.08,0.06,0.03,0.01,0.01,0.0,0.03,0.01,0.03,0.01,0.03,0.005889899999999999
0.05,0.08,0.05,0.05,0.07,0.14,0.07,0.07,0.08,0.08,0.06,0.08,0.07,0.07,0.08,0.064754054
,,,,0.07,,,,,,0.15,0.14,,,,0.13097025
0.08,0.08,0.06,0.07,0.07,0.07,0.08,0.09,0.08,0.08,0.07,0.07,0.07,0.08,0.07,0.065397315
0.09,0.07,0.07,0.08,0.08,0.12,0.08,0.08,0.09,0.08,0.07,0.07,0.06,0.09,0.07,0.06518873
0.03,0.08,0.05,0.06,0.08,0.09,0.08,0.08,0.08,0.08,0.06,0.07,0.06,0.07,0.08,0.06549554
0.05,0.02,0.07,0.02,0.14,0.07,0.03,0.08,0.01,0.76,0.07,0.07,0.09,0.03,0.06,0.04060716
0.12,0.14,0.07,0.21,0.26,0.14,0.15,0.4,0.16,0.1,0.12,0.13,0.17,0.18,0.17,0.062846035
0.02,0.04,0.04,0.16,0.04,0.09,0.09,0.09,0.08,0.1,0.06,0.07,0.05,0.07,0.07,0.06472262
0.1,0.07,0.07,0.12,0.15,0.16,0.1,0.12,0.11,0.12,0.08,0.08,0.09,0.12,0.12,0.06353465
0.03,0.06,0.03,0.07,0.03,0.09,0.09,0.08,0.07,0.12,0.07,0.06,0.08,0.09,0.09,0.065146126
0.11,0.08,0.05,0.1,0.07,0.14,0.1,0.13,0.14,0.08,0.1,0.12,0.09,0.1,0.14,0.06345766
,,0.06085497,0.033199888,0.18,0.064563654,,,,,0.13,0.11,,0.033688712999999995,,0.06325795
0.04,0.06,0.07,0.08,0.04,0.06,0.08,0.08,0.08,0.05,0.06,0.08,0.05,0.08,0.08,0.06396075
0.08,0.07,0.05,0.06,0.07,0.07,0.09,0.06,0.07,0.08,0.06,0.07,0.05,0.07,0.09,0.0632369
0.13,0.21,0.09,0.12,,0.1,0.39,0.67,0.3,0.1,0.17,0.17,0.22,0.25,0.12,0.10477736
0.09,0.08,0.06,0.16,0.06,0.13,0.09,0.12,0.09,0.08,0.08,0.07,0.08,0.1,0.11,0.064976774
0.02,0.07,0.03,0.07,0.04,0.09,0.08,0.15,0.08,0.07,0.06,0.05,0.05,0.08,0.06,0.0640578
0.06,0.07,0.05,0.1,0.06,0.16,0.1,0.09,0.14,0.11,0.07,0.08,0.07,0.12,0.1,0.064824656
0.04,0.08,0.07,0.07,0.04,0.08,0.09,0.07,0.08,0.1,0.07,0.08,0.05,0.07,0.07,0.064183176
0.03,0.06,0.05,0.06,0.07,0.07,0.1,0.06,0.08,0.08,0.06,0.06,0.05,0.08,0.08,0.06386989
0.08,0.07,0.06,0.08,0.11,0.14,0.1,0.12,0.12,0.1,0.09,0.09,0.11,0.12,0.1,0.06403019
0.2,0.29,0.1,0.26,0.06,0.11,0.14,0.07,0.19,0.15,0.22,0.16,0.09,0.2,0.17,0.13259898
0.09,0.1,0.04,0.14,0.1,0.16,0.11,0.11,0.11,0.1,0.08,0.07,0.09,0.1,0.09,0.06302888
0.07,0.07,0.05,0.08,0.09,0.09,0.07,0.12,0.1,0.09,0.06,0.06,0.06,0.09,0.07,0.063775875
0.05,0.05,0.05,0.06,0.05,0.08,0.08,0.12,0.07,0.06,0.06,0.05,0.05,0.06,0.08,0.06405212
0.09,0.08,0.03,0.16,0.07,0.16,0.18,0.1,0.11,0.13,0.07,0.06,0.09,0.16,0.12,0.064207695
0.09,0.06,0.09,0.13,0.07,0.14,0.09,0.09,0.11,0.09,0.08,0.08,0.09,0.1,0.1,0.06288914400000001
,,,,0.16,,,,,,0.22,0.22,,,,0.15674241
0.02,0.07,0.06,0.08,0.05,0.07,0.09,0.05,0.07,0.11,0.06,0.06,0.06,0.06,0.08,0.06224834
0.08,0.1,0.07,0.1,0.07,0.11,0.09,0.12,0.1,0.06,0.07,0.06,0.08,0.09,0.12,0.06664860000000003
0.02,0.06,0.05,0.07,0.04,0.09,0.09,0.1,0.06,0.06,0.06,0.06,0.05,0.07,0.06,0.06321671599999999
0.04,0.06,0.04,0.08,0.06,0.09,0.1,0.09,0.08,0.12,0.06,0.09,0.07,0.08,0.07,0.064683616
0.04,0.08,0.04,0.07,0.08,0.08,0.09,0.12,0.07,0.11,0.06,0.06,0.07,0.07,0.05,0.06432663
0.02,0.05,0.04,0.08,0.04,0.08,0.11,0.09,0.08,0.08,0.06,0.06,0.06,0.08,0.06,0.06437694
0.17,0.13,0.19,0.23,0.05,0.22,0.19,0.34,0.22,0.11,0.14,0.19,0.2,0.22,0.18,0.061562788
0.05,0.07,0.05,0.06,0.05,0.09,0.1,0.06,0.07,0.11,0.06,0.06,0.05,0.06,0.07,0.0647884
0.34,0.29,0.3,0.27,0.34,0.37,0.27,0.22,0.46,0.32,0.22,0.21,0.25,0.42,0.28,0.10635619
0.03,0.02,0.0,0.03,,0.04,0.01,0.1,0.01,0.0,0.0,0.02,0.13,0.01,0.03,0.016590656999999998
0.09,0.0,0.11,0.04,0.06,0.06,0.01,0.01,0.05,0.0,0.0,0.0,0.01,0.0,0.0,0.0375972
0.02,0.03,0.02,0.03,0.07,0.01,0.01,0.16,0.01,0.0,0.01,0.01,0.01,0.01,0.03,0.0128922155
0.06,0.01,0.08,0.02,0.01,0.06,0.0,0.06,0.08,0.28,0.0,0.0,0.01,0.03,0.0,0.044830892
0.04,0.03,0.08,0.02,,0.04,0.04,0.17,0.06,0.0,0.0,0.0,0.08,0.04,0.0,0.02546982
0.13,0.18,0.2,0.03,0.2,0.11,0.02,0.04,0.1,0.1,0.0,0.0,0.0,0.09,0.0,0.04423379
0.02,0.06,0.04,0.01,0.17,0.11,0.09,0.03,0.02,0.0,0.03,0.06,0.01,0.04,0.29,0.005055738
0.0,0.0,0.08,0.0,0.25,0.0,0.0,0.0,0.0,0.21,0.0,0.0,0.0,0.0,0.0,0.028264288
0.01,0.02,0.18,0.0,,0.04,0.02,0.18,0.0,0.0,0.01,0.02,0.16,0.01,0.04,0.042492837
0.17,0.19,0.1,0.16,0.09,0.15,0.31,0.29,0.26,0.13,0.14,0.16,0.57,0.24,0.12,0.0
0.0,0.02,0.03,0.03,0.1,0.08,0.06,0.1,0.01,0.0,0.06,0.06,0.09,0.0,0.19,0.026970671
0.01,0.03,0.08,0.01,,0.03,0.02,0.16,0.03,0.0,0.02,0.02,0.07,0.0,0.01,0.006792362
0.05,0.02,0.01,0.01,0.11,0.04,0.03,0.09,0.01,0.0,0.09,0.03,0.1,0.02,0.19,0.060228795
,,,,,,,,,,,,,,,0.0
,,,,,,,,,,,,,,,0.0
,,,,,,,,,,,,,,,0.0
0.0,0.0,0.09,0.0,0.08,0.0,0.0,0.0,0.0,0.07,0.0,0.0,0.2,0.0,0.0,0.0981465
0.05,0.01,0.0,0.01,0.01,0.0,0.04,0.02,0.02,0.0,0.03,0.01,0.01,0.0,0.01,0.020311804
0.02,0.06,0.21,0.05,0.07,0.04,0.03,0.11,0.04,0.0,0.0,0.0,0.17,0.11,0.0,0.047687504000000006
0.02,0.01,0.02,0.01,,0.02,0.02,0.17,0.01,0.0,0.01,0.01,0.07,0.01,0.04,0.011673359
0.0,0.02,0.01,0.02,0.02,0.04,0.0,0.01,0.0,0.0,0.05,0.02,0.0,0.01,0.11,0.0308523
0.01,0.05,0.01,0.02,0.06,0.05,0.01,0.05,0.05,0.0,0.02,0.01,0.05,0.02,0.03,0.008965393
0.0,0.05,0.03,0.0,0.07,0.03,0.03,0.01,0.01,0.1,0.03,0.06,0.03,0.0,0.01,0.003383617
0.02,0.0,0.0,0.0,0.18,0.01,0.03,0.06,0.01,0.0,0.03,0.03,0.06,0.01,0.03,0.022827731
0.34,0.38,0.09,0.47,,0.44,0.32,0.17,0.4,0.32,0.21,0.3,0.34,0.38,0.24,0.0
0.02,0.11,0.16,0.03,,0.01,0.02,0.08,0.0,0.14,0.0,0.0,0.02,0.06,0.0,0.01368318
,,,,,,,,,,,,,,,0.0
0.03,0.06,0.01,0.01,0.06,0.05,0.0,0.0,0.02,0.0,0.04,0.0,0.01,0.02,0.06,0.009478608
0.14,0.1,0.07,0.13,,0.17,0.14,0.14,0.21,0.21,0.16,0.13,0.16,0.16,0.11,0.0
0.01,0.0,0.0,0.0,0.07,0.03,0.02,0.01,0.03,0.0,0.04,0.01,0.0,0.0,0.1,0.0073247617000000015
0.34,0.18,0.14,0.22,0.06,0.28,0.67,0.29,0.47,0.5,0.22,0.1,0.31,0.38,0.33,0.0
0.19,0.09,0.1,0.22,0.09,0.16,0.21,0.17,0.22,0.24,0.17,0.16,0.16,0.17,0.14,0.0
0.08,0.23,0.17,0.03,0.08,0.14,0.07,0.16,0.04,0.12,0.0,0.0,0.21,0.11,0.0,0.030509742000000006
,,,,,,,,,,0.16,0.33,,0.07525269999999999,,0.0
0.02,0.03,0.02,0.0,0.07,0.06,0.03,0.02,0.01,0.0,0.03,0.05,0.01,0.02,0.01,0.018948892
,,,,,,,,,,,,,,,0.0
0.01,0.01,0.01,0.02,0.04,0.01,0.02,0.0,0.01,0.0,0.06,0.03,0.03,0.02,0.09,0.054659322
0.0,0.0,0.1,0.0,0.13,0.0,0.0,0.25,0.0,0.14,0.0,0.0,0.32,0.0,0.0,0.10502402
0.26,0.24,0.05,0.58,0.07,0.31,0.61,0.5,0.57,0.29,,,0.46,0.51,0.49,0.0
0.13,0.18,0.08,0.16,0.09,0.23,0.35,0.12,0.3,0.45,0.21,0.15,0.18,0.23,0.29,0.0
0.01,0.0,0.0,0.01,0.04,0.12,0.03,0.03,0.01,0.0,0.05,0.04,0.03,0.02,0.13,0.008088788000000001
0.17,0.21,,0.13,,0.26,0.77,0.11,0.58,0.14,0.19,0.19,0.1,0.36,0.3,0.0
0.03,0.01,0.03,0.01,,0.02,0.06,0.01,0.01,0.0,0.02,0.04,0.01,0.0,0.02,0.014608846000000003
0.14,,0.06,0.12,,0.26,0.65,0.15,0.15,0.14,0.27,0.1,0.17,0.13,0.22,0.0
0.0,0.0,0.0,0.0,0.09,0.0,0.0,0.0,0.0,0.16,0.0,0.0,0.15,0.0,0.0,0.08431705
0.0,0.0,0.01,0.01,0.22,0.01,0.01,0.15,0.01,0.0,0.03,0.0,0.08,0.02,0.01,0.020189075
0.0,0.0,0.13,0.0,,0.0,0.0,0.0,0.0,0.33,0.0,0.0,0.0,0.0,0.0,0.08431705
0.11,0.07,0.18,0.19,0.16,0.23,0.35,0.18,0.35,0.66,0.23,0.07,0.15,0.22,0.22,0.0
0.0,0.0,0.0,0.0,0.05,0.0,0.0,0.0,0.0,0.12,0.0,0.0,0.0,0.0,0.0,0.07736857
0.37,0.22,0.01,0.19,0.48,0.16,0.28,0.18,0.2,0.22,0.16,0.22,0.14,0.31,0.27,0.0
,,,,,,,,,,,,,,,0.0
0.06,0.04,0.13,0.08,0.17,0.08,0.01,0.07,0.06,0.0,0.0,0.0,0.07,0.09,0.0,0.051039632
,,,,,,,,,,,,,,,0.0
0.0,0.0,0.0,0.0,,0.0,0.0,0.22,0.0,0.0,0.0,0.0,0.29,0.0,0.0,0.05640914
0.12,0.17,0.07,0.15,,0.18,0.27,0.15,0.19,0.19,0.16,0.13,0.26,0.18,0.25,0.0
,,,,,,,,,,,,,,,0.0
0.23,0.09,0.1,0.18,0.08,0.12,0.21,0.19,0.22,0.17,0.18,0.14,0.25,0.21,0.2,0.0
0.01,0.01,0.0,0.0,,0.03,0.07,0.04,0.0,0.0,0.02,0.01,0.13,0.0,0.01,0.025208866
0.06,0.02,0.11,0.03,0.07,0.06,0.04,0.01,0.05,0.14,0.0,0.0,0.14,0.03,0.0,0.038705476
,,,,,,,,,,,,,,,0.0
0.02,0.09,0.06,0.02,0.19,0.11,0.07,0.18,0.0,0.0,0.03,0.02,0.19,0.01,0.01,0.02105647
0.04,0.03,0.01,0.0,0.15,0.04,0.01,0.11,0.03,0.0,0.08,0.02,0.06,0.01,0.21,0.07706869
0.01,0.05,0.02,0.0,,0.03,0.01,0.06,0.02,0.14,0.04,0.01,0.07,0.03,0.01,0.034681182000000005
0.04,0.01,0.01,0.01,0.0,0.0,0.03,0.07,0.01,0.15,0.02,0.01,0.04,0.0,0.04,0.008674736
0.02,0.01,0.02,0.01,0.15,0.04,0.07,0.02,0.02,0.0,0.02,0.01,0.02,0.0,0.06,0.008784406
0.0,0.03,0.0,0.01,0.11,0.0,0.01,0.01,0.03,0.1,0.04,0.03,0.06,0.0,0.01,0.012188605
0.03,0.06,0.02,0.01,0.08,0.0,0.01,0.12,0.0,0.0,0.05,0.02,0.17,0.02,0.0,0.06655738
0.01,0.01,0.03,0.02,0.09,0.08,0.0,0.03,0.03,0.0,0.04,0.06,0.06,0.0,0.01,0.009543138
0.16,,0.04,0.21,,0.28,0.39,0.45,0.23,0.16,0.26,0.01,0.13,0.19,0.29,0.0
0.41,0.21,0.17,0.31,0.08,0.28,0.58,0.36,0.42,0.25,0.22,0.14,0.09,0.32,0.32,0.0
0.05,0.01,0.0,0.01,0.04,0.0,0.02,0.03,0.02,0.0,0.0,0.06,0.03,0.01,0.05,0.03729681
,,,,,,,,,,,,,,,0.0
0.14,0.16,,0.76,,0.3,0.47,0.37,0.64,0.16,0.21,0.33,0.02,0.38,0.29,0.0
0.01,0.01,0.04,0.01,,0.04,0.02,0.04,0.0,0.0,0.02,0.01,0.11,0.03,0.01,0.037816636
0.02,0.04,0.07,0.02,0.12,0.0,0.03,0.06,0.04,0.0,0.01,0.01,0.0,0.02,0.08,0.06498577400000001
0.12,0.04,0.03,0.14,0.06,0.14,0.28,0.28,0.21,0.17,0.16,0.17,0.23,0.2,0.27,0.0
0.07,0.01,0.01,0.05,0.07,0.06,0.04,0.08,0.01,0.0,0.07,0.01,0.08,0.0,0.24,0.009604952
,,,,,,,,,,,,,,,0.0
0.05,0.01,0.02,0.0,0.01,0.0,0.0,0.02,0.02,0.0,0.01,0.03,0.06,0.01,0.04,0.022376658
0.14,0.19,0.16,0.26,0.15,0.15,0.19,0.12,0.22,0.31,0.19,0.21,0.12,0.2,0.14,0.13019006
0.07,0.08,0.09,0.09,0.09,0.2,0.11,0.12,0.17,0.14,0.09,0.14,0.14,0.14,0.19,0.06358562
0.08,0.13,0.08,0.11,0.06,0.09,0.11,0.14,0.14,0.12,0.08,0.11,0.14,0.1,0.09,0.06366842
0.05,0.07,0.08,0.13,0.1,0.1,0.1,0.11,0.09,0.1,0.08,0.08,0.13,0.1,0.16,0.06434997
0.09,0.08,0.16,0.13,0.3,0.1,0.2,0.24,0.13,0.12,0.09,0.11,0.25,0.13,0.12,0.06357924
0.05,0.12,0.07,0.12,0.03,0.13,0.11,0.09,0.14,0.14,0.09,0.15,0.13,0.12,0.2,0.06113013
0.12,0.15,0.09,0.19,0.3,0.18,0.17,0.17,0.22,0.21,0.15,0.16,0.21,0.18,0.1,0.13242447
0.09,0.19,0.08,0.11,0.08,0.11,0.09,0.09,0.13,0.17,0.08,0.1,0.11,0.1,0.16,0.06374451
0.15,0.14,0.19,0.36,0.11,0.28,0.24,0.17,0.15,0.16,0.2,0.14,0.18,0.19,0.17,0.06521728
,0.05,,,,0.05,,,,,,,,,,0.0
0.19,0.1,0.08,0.21,0.15,0.19,0.17,0.13,0.23,0.1,0.14,0.17,0.12,0.16,0.22,0.1307687
,,,,,,,,,,,,,,,0.0
0.1,0.1,0.12,0.1,0.03,0.2,0.13,0.11,0.13,0.19,0.1,0.18,0.14,0.16,0.2,0.06239699
,0.06,,,,0.06,,,,,,,,,,0.050000004
0.07,0.09,0.16,0.08,0.12,0.22,0.17,0.14,0.24,0.14,0.12,0.13,0.18,0.18,0.17,0.124047324
0.02,0.03,0.02,0.21,,0.2,0.14,0.16,0.27,0.09,0.18,0.22,0.14,0.27,0.25,0.1616892
,0.06,,,,0.06,,,,,,,,,,0.1
0.03,0.1,0.11,0.18,0.09,0.16,0.18,0.13,0.26,0.12,0.12,0.1,0.09,0.2,0.2,0.06842801
,,,,,,,,,,,,,,,0.0
,0.07,,,,0.07,,,,,,,,,,0.1
0.13,0.06,0.12,0.11,0.03,0.11,0.16,0.12,0.14,0.31,0.1,0.09,0.14,0.15,0.21,0.12233844
,0.05,,,,0.05,,,,,,,,,,0.0
,,,,,,,,,,,,,,,0.0
0.09,0.07,0.07,0.12,0.07,0.1,0.1,0.12,0.13,0.16,0.08,0.12,0.14,0.11,0.13,0.06405801
0.07,0.07,0.19,0.21,0.05,0.15,0.12,0.12,0.16,0.31,0.12,0.16,0.21,0.16,0.25,0.06186362400000001
,0.05,,,,0.05,,,,,,,,,,0.25
0.08,0.09,0.15,0.14,0.09,0.08,0.11,0.09,0.13,0.24,0.09,0.09,0.1,0.1,0.11,0.06299973
0.06,0.08,0.03,0.14,0.03,0.12,0.11,0.08,0.14,0.34,0.1,0.13,0.11,0.15,0.19,0.066002265
,0.06,,,,0.06,,,,,,,,,,0.2
0.13,0.12,0.24,0.22,0.16,0.17,0.19,0.17,0.22,0.17,0.18,0.22,0.18,0.19,0.13,0.14010869
0.15,0.12,0.15,0.18,0.06,0.19,0.2,0.13,0.18,0.12,0.12,0.18,0.24,0.12,0.17,0.06666583599999999
0.09,0.11,0.1,0.12,0.04,0.15,0.12,0.11,0.12,0.08,0.08,0.11,0.13,0.11,0.15,0.06372356
,,,,,,,,,,,,,,,0.0
0.06,0.06,0.05,0.09,0.21,0.09,0.14,0.13,0.12,0.18,0.08,0.09,0.13,0.11,0.1,0.06354228
,0.05,,,,0.05,,,,,,,,,,0.15
0.08,0.06,0.09,0.08,0.17,0.08,0.15,0.17,0.12,0.09,0.07,0.1,0.1,0.09,0.07,0.06553723
0.12,0.09,0.04,0.16,0.23,0.14,0.15,0.13,0.2,0.16,0.13,0.17,0.14,0.13,0.17,0.15177467
0.37,0.2,0.12,0.22,0.02,0.16,0.2,0.19,0.24,0.27,0.14,0.1,0.22,0.24,0.25,0.15767257
0.08,0.06,0.19,0.13,0.05,0.23,0.13,0.14,0.2,0.19,0.11,0.16,0.18,0.14,0.1,0.12214103
,0.06,,,,0.06,,,,,,,,,,0.0
0.08,0.09,0.06,0.1,0.05,0.16,0.15,0.23,0.14,0.15,0.1,0.15,0.15,0.13,0.07,0.06273837
0.03,0.08,0.04,0.09,0.1,0.08,0.09,0.08,0.12,0.16,0.09,0.09,0.08,0.12,0.1,0.06193034400000001
0.16,0.12,0.05,0.16,0.03,0.1,0.2,0.19,0.17,0.25,0.11,0.19,0.19,0.18,0.18,0.06685877
0.04,0.07,0.08,0.12,0.07,0.09,0.1,0.13,0.12,0.11,0.08,0.12,0.12,0.1,0.15,0.06175954
,0.07,,,,0.07,,,,,,,,,,0.099999994
,,,,,,,,,,,,,,,0.0
,0.05,,,,0.05,,,,,,,,,,0.05
0.07,0.07,0.05,0.12,0.05,0.08,0.1,0.14,0.14,0.09,0.08,0.09,0.11,0.12,0.11,0.06383899999999999
0.11,0.11,0.2,0.22,0.02,0.16,0.2,0.19,0.2,0.15,0.14,0.11,0.17,0.16,0.14,0.12839957
0.04,0.08,0.17,0.11,0.08,0.14,0.1,0.12,0.1,0.13,0.08,0.07,0.12,0.09,0.15,0.06348065
0.01,0.0,0.0,0.01,0.07,0.01,0.02,0.05,0.01,0.0,0.04,0.07,0.02,0.02,0.06,0.0033576996
0.09,0.02,0.04,0.04,0.06,0.0,0.08,0.05,0.02,0.0,0.02,0.03,0.07,0.02,0.11,0.042425085
0.06,0.06,,0.65,,0.21,0.73,0.24,0.57,0.13,,,0.66,0.43,0.21,0.0
0.0,0.01,0.01,0.01,0.01,0.05,0.04,0.01,0.03,0.0,0.04,0.02,0.01,0.02,0.08,0.019043613
0.01,0.04,0.02,0.01,0.04,0.0,0.05,0.04,0.03,0.0,0.02,0.07,0.01,0.01,0.02,0.050692145
0.02,0.03,0.0,0.01,0.02,0.03,0.02,0.11,0.01,0.0,0.03,0.08,0.13,0.02,0.08,0.020112308
0.01,0.06,0.01,0.0,0.01,0.0,0.01,0.05,0.03,0.0,0.01,0.07,0.04,0.02,0.04,0.043577604000000006
0.1,0.16,0.07,0.51,,0.17,0.68,0.49,0.52,0.29,,,0.56,1.01,0.18,0.0
0.04,0.01,0.05,0.03,0.04,0.0,0.05,0.06,0.01,0.0,0.02,0.06,0.08,0.01,0.01,0.045681797
0.01,0.0,0.0,0.01,,0.02,0.02,0.1,0.02,0.0,0.04,0.02,0.04,0.0,0.05,0.025689865
0.35,0.3,0.17,0.29,,0.23,0.87,0.31,0.35,0.31,0.22,0.18,0.32,0.21,0.43,0.0
0.0,0.02,0.0,0.02,0.03,0.0,0.02,0.03,0.01,0.0,0.03,0.01,0.02,0.01,0.03,0.00604472
0.07,0.01,0.04,0.01,0.04,0.03,0.01,0.08,0.02,0.0,0.04,0.01,0.08,0.01,0.12,0.038449015
,,,,,,,,,,,,,,,0.0
0.05,0.01,0.03,0.01,0.04,0.05,0.01,0.02,0.01,0.0,0.04,0.03,0.01,0.02,0.06,0.02433085
,,,,,,,,,,,,,,,0.0
0.02,0.11,0.0,0.0,0.39,0.03,0.01,0.02,0.0,0.0,0.04,0.02,0.04,0.0,0.04,0.01525108
0.23,0.0,0.11,0.08,0.06,0.0,0.05,0.13,0.03,0.0,0.01,0.01,0.1,0.04,0.03,0.070195794
0.06,0.04,0.03,0.03,0.02,0.0,0.06,0.12,0.03,0.0,0.05,0.03,0.08,0.0,0.11,0.06448856
0.01,0.01,0.01,0.04,0.02,0.0,0.05,0.11,0.01,0.0,0.04,0.1,0.08,0.0,0.07,0.04304898
0.02,0.01,0.03,0.0,0.06,0.04,0.02,0.02,0.0,0.0,0.03,0.02,0.08,0.01,0.04,0.014975882
0.06,0.07,0.0,0.02,0.08,0.08,0.04,0.03,0.03,0.0,0.06,0.04,0.04,0.01,0.18,0.029536292
0.15,0.13,0.18,0.18,0.05,0.17,0.18,0.24,0.2,0.15,0.14,0.12,0.17,0.17,0.17,0.057984296
0.0,0.03,0.02,0.0,,0.01,0.07,0.19,0.01,0.0,0.02,0.04,0.16,0.0,0.0,0.019803073
0.0,0.01,0.03,0.04,0.05,0.0,0.07,0.06,0.01,0.0,0.02,0.03,0.07,0.01,0.14,0.054153793
0.04,0.04,0.0,0.01,,0.01,0.05,0.06,0.01,0.0,0.02,0.02,0.2,0.02,0.02,0.04111107
,,,,,,,,,,,,,,,0.0
0.13,0.02,0.03,0.09,0.08,0.0,0.05,0.04,0.04,0.0,0.03,0.04,0.04,0.05,0.01,0.035376143
,,,,,,,,,,,,,,,0.0
0.01,0.03,0.01,0.01,,0.04,0.03,0.21,0.01,0.0,0.01,0.0,0.01,0.01,0.01,0.006255096999999999
0.01,0.0,0.0,0.01,,0.03,0.01,0.13,0.01,0.14,0.01,0.04,0.05,0.0,0.11,0.020140903
0.05,0.03,0.0,0.02,0.04,0.0,0.06,0.04,0.03,0.0,0.01,0.03,0.04,0.01,0.17,0.03413632
0.19,0.05,,0.2,,0.05,0.18,0.14,0.08,0.17,,,,0.65,0.17,0.15
0.02,0.03,0.0,0.0,,0.05,0.1,0.13,0.03,0.0,0.0,0.02,0.29,0.0,0.06,0.023570174
0.0,0.06,0.0,0.0,0.2,0.04,0.02,0.08,0.0,0.0,0.03,0.05,0.08,0.0,0.05,0.008490562
0.03,0.05,0.0,0.01,0.04,0.0,0.01,0.09,0.02,0.0,0.01,0.03,0.02,0.01,0.05,0.004979439
0.01,0.01,0.0,0.0,0.04,0.0,0.08,0.03,0.01,0.0,0.01,0.02,0.06,0.0,0.04,0.01430216
0.05,0.12,0.06,0.0,0.33,0.05,0.04,0.13,0.06,0.0,0.0,0.0,0.04,0.05,0.0,0.06398009
0.04,0.0,0.07,0.01,0.02,0.0,0.01,0.08,0.03,0.0,0.0,0.0,0.09,0.01,0.01,0.07034321
0.04,0.08,0.15,0.04,0.08,0.13,0.01,0.02,0.08,0.18,0.0,0.0,0.09,0.06,0.0,0.04880249
,,,,,,,,,,,,,,,0.0
0.03,0.01,0.01,0.01,0.13,0.0,0.01,0.09,0.01,0.0,0.01,0.1,0.05,0.0,0.04,0.06617729
,,,,,,,,,,,,,,,0.0
0.1,0.2,0.05,0.16,0.11,0.16,0.17,0.18,0.32,0.35,0.17,0.17,0.18,0.25,0.22,0.0
0.01,0.0,0.02,0.01,0.03,0.0,0.06,0.06,0.01,0.0,0.02,0.04,0.04,0.02,0.08,0.02288066
0.38,0.11,0.19,0.24,0.08,0.21,0.43,0.21,0.36,0.4,0.21,0.15,0.23,0.26,0.28,0.0
0.0,0.0,0.0,0.0,0.0,0.0,0.0,0.0,0.0,0.17,0.0,0.0,0.0,0.0,0.0,0.021204768
0.05,0.0,0.02,0.0,,0.03,0.04,0.16,0.01,0.0,0.04,0.05,0.15,0.01,0.01,0.0255991
0.23,0.13,0.19,0.2,0.1,0.28,0.31,0.33,0.28,0.46,0.2,0.1,0.3,0.25,0.28,0.0
0.02,0.06,,0.26,,0.06,0.03,0.21,0.09,0.19,,,,0.31,0.15,0.05
,0.06,,,,0.06,,,,,,,,,,0.05
0.26,0.07,0.09,0.19,0.05,0.17,0.24,0.12,0.23,0.29,0.0,0.0,0.13,0.23,0.0,0.07736858
,,,,,,,,,,,,,,,0.0
0.17,0.09,,,0.23,0.09,0.19,,0.36,0.31,0.31,0.43,,0.03,0.08,0.1
0.04,0.12,0.18,0.16,,0.34,0.34,0.18,0.26,0.59,0.2,0.15,0.69,0.29,0.05,0.0
,,,,,,,,,,0.031988725,,,0.035306647000000004,,0.0
,,,,,,,,,,,,,,,0.0
,,,,,,,,,,,,,,,0.0
0.22,0.15,0.12,0.16,,0.19,0.54,0.2,0.25,0.29,0.21,0.2,0.29,0.22,0.26,0.0
0.68,0.06,,0.15,,0.06,0.42,,0.18,0.18,,,0.1,0.27,0.11,0.05
0.01,0.08,0.0,0.0,0.08,0.0,0.09,0.12,0.02,0.0,0.0,0.06,0.1,0.03,0.04,0.026811628
,0.05,,,,0.05,,,,,,,,,,0.1
0.0,0.0,0.12,0.0,0.09,0.0,0.0,0.0,0.0,0.3,0.0,0.0,0.0,0.0,0.0,0.0
0.01,0.01,0.07,0.01,0.01,0.0,0.06,0.06,0.02,0.0,0.01,0.04,0.02,0.02,0.05,0.023577083
,,,,,,,,,,,,,,,0.0
0.03,0.01,0.01,0.03,0.07,0.0,0.07,0.06,0.02,0.0,0.0,0.01,0.0,0.02,0.08,0.017587077
,,,,,,,,,,,,,,,0.0
0.02,0.03,0.06,0.06,0.03,0.07,0.06,0.01,0.06,0.0,0.0,0.0,0.06,0.01,0.0,0.043249384
,,,,,,,,,,0.0118785,,,0.0211547,,0.0
,,,,,,,,,,0.036375344,,,0.0390353,,0.0
,0.06,,,,0.06,,,,,,,,,,0.1
0.33,0.12,0.05,0.28,,0.19,0.23,0.14,0.22,0.23,0.2,0.17,0.12,0.2,0.25,0.0
,,,,,,,,,,,,,,,0.0
0.12,0.04,0.06,0.11,0.01,0.08,0.04,0.03,0.01,0.0,0.0,0.0,0.01,0.04,0.0,0.045118004
0.04,0.01,0.0,0.01,0.02,0.0,0.06,0.05,0.04,0.0,0.0,0.0,0.1,0.04,0.06,0.0055517224
0.01,0.01,0.06,0.0,,0.01,0.01,0.14,0.02,0.12,0.02,0.02,0.13,0.02,0.04,0.029147714
0.63,0.07,0.2,0.04,0.12,0.0,0.24,0.07,0.26,0.35,0.0,0.0,0.15,0.16,0.4,0.040363014
0.01,0.08,0.05,0.08,0.01,0.0,0.08,0.03,0.02,0.26,0.04,0.07,0.02,0.08,0.0,0.099711746
0.53,0.22,0.15,0.27,0.2,0.03,0.31,0.11,0.13,0.18,0.0,0.0,0.16,0.25,0.0,0.007070743000000002
,0.05,,,,0.05,,,,,,,,,,0.2
,,,,,,,,,,,,,,,0.0
0.0,0.0,0.0,0.0,,0.0,0.0,0.0,0.0,0.12,0.0,0.0,0.0,0.0,0.0,0.007070766
,,,,,,,,,,,,,,,0.0
0.01,0.06,0.01,0.02,0.01,0.0,0.02,0.0,0.01,0.0,0.02,0.0,0.0,0.02,0.07,0.02755691
0.05,0.01,0.01,0.01,0.04,0.02,0.0,0.03,0.02,0.08,0.04,0.0,0.08,0.01,0.25,0.022526985
0.02,0.01,0.02,0.01,0.01,0.0,0.06,0.04,0.01,0.0,0.02,0.06,0.04,0.02,0.07,0.03179854
0.35,0.3,,0.33,0.08,0.2,0.8,0.54,0.34,0.21,0.28,0.23,0.23,0.3,0.23,0.3450719
,0.05,,,,0.05,,,,,,,,,,0.05
0.04,0.03,0.02,0.01,0.01,0.0,0.04,0.1,0.02,0.0,0.0,0.01,0.02,0.02,0.02,0.008225164
0.01,0.05,0.02,0.03,0.01,0.0,0.07,0.02,0.01,0.0,0.0,0.02,0.03,0.03,0.02,0.03850634
0.3,0.16,0.09,0.17,,0.2,0.26,0.24,0.22,0.42,0.2,0.25,0.23,0.2,0.25,0.0
0.03,0.01,0.03,0.01,0.03,0.0,0.08,0.08,0.01,0.0,0.02,0.03,0.01,0.01,0.09,0.012746225
0.01,0.03,0.0,0.02,0.06,0.0,0.08,0.09,0.0,0.0,0.02,0.02,0.04,0.01,0.06,0.026654825
,,,,,,,,,,,,,,,0.0
,,,,,,,,,,,,,,,0.0
0.03,0.17,0.12,0.0,0.0,0.0,0.04,0.02,0.06,0.0,0.0,0.0,0.03,0.01,0.0,0.017772438
0.12,0.07,0.05362476,0.13,0.04,0.2,0.21,0.22,0.18,0.18,0.12,0.11,0.22,0.22,0.29,0.021204714
0.08,0.31,0.11,0.2,0.19,0.2,0.29,0.25,0.26,0.38,0.18,0.27,0.21,0.26,0.25,0.0
,0.07,,,,0.07,,,,,,,,,,0.1
,0.06,,,,0.06,,,,,,,,,,0.05
0.05,0.01,0.01,0.0,0.01,0.0,0.02,0.01,0.0,0.0,0.02,0.01,0.04,0.02,0.03,0.011673359
0.0,0.06,0.03,0.01,0.05,0.0,0.01,0.04,0.01,0.0,0.03,0.02,0.03,0.02,0.03,0.017772406
0.0,0.0,0.01,0.0,0.07,0.03,0.02,0.11,0.01,0.0,0.03,0.05,0.08,0.01,0.01,0.018470453
,,,,,,,,,,,,,,,0.0
0.01,0.02,0.01,0.03,0.06,0.0,0.05,0.06,0.01,0.0,0.0,0.03,0.06,0.04,0.04,0.023284873
0.01,0.05,0.02,0.01,0.04,0.05,0.02,0.04,0.0,0.1,0.0,0.0,0.01,0.0,0.0,0.04234271
,0.05,,,,0.05,,,,,,,,,,0.1
0.01,0.02,0.02,0.02,0.0,0.0,0.02,0.02,0.03,0.0,0.01,0.12,0.03,0.02,0.09,0.02219172
0.01,0.02,0.03,0.02,0.01,0.0,0.05,0.1,0.02,0.0,0.02,0.02,0.1,0.01,0.05,0.019514246
0.0,0.03,0.05,0.01,,0.01,0.02,0.15,0.01,0.0,0.02,0.01,0.22,0.01,0.04,0.018286241
,,,,,,,,,,0.28,0.17,,,,0.0
0.05,0.01,0.02,0.02,0.07,0.06,0.03,0.08,0.01,0.06,0.0,0.0,0.0,0.0,0.0,0.029466687
,,,,,,,,,,,,,,,0.0
0.02,0.41,0.03,0.31,0.58,0.45,0.17,0.49,0.28,0.49,0.0,0.0,0.0,0.02,,0.056409143
,,,,,,,,,,,,,,,0.0
,,,,,,,,,,,,,,,0.0
0.04,0.01,0.0,0.08,0.11,0.0,0.03,0.08,0.06,0.0,0.0,0.06,0.07,0.01,0.01,0.015162123
,,,,,,,,,,,,,,,0.0
0.01,0.05,0.02,0.02,0.06,0.0,0.04,0.08,0.02,0.0,0.01,0.01,0.03,0.02,0.01,0.041329265
,,,,,,,,,,,,,,,0.0
0.0,0.23,0.06,0.0,0.06,0.0,0.0,0.52,0.0,0.0,0.0,0.0,0.27,0.0,0.0,0.021204773
,,,,,,,,,,,,,,,0.0
,,,,,,,,,,,,,,,0.0
0.12,0.09,0.2,0.13,0.12,0.28,0.06,0.09,0.3,0.46,0.0,0.0,0.1,0.09,0.23,0.021204771
0.59,0.3,0.01,0.09,,0.36,0.92,,0.59,,0.42,0.23,,0.52,,0.0
,,,,,,,,,,,,,,,0.0
0.25,0.22,0.05,0.21,0.07,0.12,0.23,0.21,0.29,0.16,0.14,0.11,0.09,0.27,0.17,0.0
0.04,0.01,0.02,0.03,0.02,0.0,0.0,0.04,0.03,0.0,0.01,0.01,0.03,0.01,0.04,0.024094837
,,,,,,,,,,,,,,,0.0
0.01,0.0,0.02,0.01,0.06,0.0,0.02,0.07,0.03,0.0,0.0,0.01,0.01,0.01,0.01,0.029038813
0.0,0.02,0.03,0.0,0.0,0.0,0.03,0.08,0.01,0.0,0.03,0.1,0.07,0.01,0.11,0.037663225
0.1,0.07,0.35,0.12,0.17,0.32,0.36,0.19,0.48,0.35,0.22,0.29,0.5,0.3,0.19,0.0
0.02,0.04,0.0,0.0,0.13,0.0,0.04,0.09,0.07,0.0,0.01,0.05,0.03,0.0,0.08,0.022914104
,,,,,,,,,,,,,,,0.0
0.03,0.0,0.03,0.01,0.06,0.0,0.02,0.04,0.03,0.0,0.01,0.01,0.08,0.01,0.04,0.024897201
0.01,0.04,0.02,0.02,0.0,0.0,0.03,0.02,0.01,0.0,0.02,0.03,0.01,0.0,0.02,0.031919993
0.03,0.02,0.01,0.01,0.06,0.0,0.08,0.11,0.01,0.0,0.02,0.09,0.09,0.01,0.11,0.02955988
,,,,,,,,,,,,,,,0.0
0.02,0.0,0.03,0.01,0.04,0.0,0.05,0.04,0.03,0.0,0.02,0.03,0.04,0.02,0.01,0.005359614
,,,,,,,,,,,,,,,0.0
0.33,0.25,,0.54,,0.16,0.53,0.38,0.39,0.21,,,0.49,0.32,0.54,0.0
0.05,0.01,0.03,0.01,0.01,0.0,0.06,0.01,0.0,0.0,0.02,0.02,0.01,0.01,0.05,0.021599773
,,,,,,,,,,,,,,,0.0
0.13,,,,,0.12,0.33,,,0.09,0.14,0.15,0.15,,0.07,0.0
0.02,0.01,0.03,0.0,0.01,0.0,0.01,0.04,0.02,0.0,0.0,0.01,0.01,0.0,0.06,0.012274618
,,,,,,,,,,,,,,,0.0
,,,,,,,,,,,,,,,0.0
0.01,0.01,0.01,0.05,0.02,0.0,0.05,0.05,0.0,0.0,0.01,0.04,0.04,0.0,0.04,0.014663379
,,,,,,,,,,,,,,,0.0
0.18,0.09,0.16,0.25,,0.18,0.2,0.18,0.22,0.24,0.22,0.21,0.22,0.18,0.27,0.0
,,,0.1,,,,,,,0.18,0.1,,0.12,0.2,0.0
,,,,,,,,,,,,,,,0.0
0.04,0.01,0.01,0.01,0.04,0.0,0.07,0.07,0.01,0.0,0.01,0.02,0.08,0.02,0.2,0.029427579
0.0,0.0,0.0,0.0,,0.0,0.0,0.0,0.0,0.1,0.0,0.0,0.14,0.0,0.0,0.042359058
0.53,,0.0,0.83,,,0.34,0.23,0.42,,0.0,,0.0,0.27,,0.0
0.08,0.0,0.0,0.0,0.09,0.02,0.02,0.12,0.0,0.0,0.07,0.03,0.01,0.0,0.17,0.04784996
0.0,0.01,0.04,0.01,0.04,0.0,0.08,0.0,0.01,0.0,0.02,0.09,0.01,0.0,0.04,0.0066888877
0.01,0.0,0.0,0.02,,0.06,0.08,0.2,0.06,0.0,0.0,0.0,0.19,0.04,0.0,0.002527987
0.06,0.01,0.01,0.0,0.1,0.0,0.0,0.08,0.04,0.17,0.01,0.07,0.0,0.01,0.04,0.006475649
0.01,0.01,0.07,0.01,0.05,0.0,0.01,0.04,0.02,0.0,0.01,0.05,0.01,0.01,0.13,0.04327387
0.02,0.03,0.01,0.02,0.02,0.0,0.08,0.01,0.04,0.0,0.0,0.01,0.01,0.01,0.04,0.006969251
0.11,0.1,0.06,0.44,,0.2,0.41,0.36,0.69,0.29,,,0.39,0.5,0.57,0.0
0.01,0.04,0.01,0.0,0.01,0.0,0.01,0.06,0.06,0.0,0.0,0.01,0.03,0.01,0.09,0.022593422
0.01,0.03,0.08,0.03,0.0,0.0,0.04,0.08,0.04,0.0,0.0,0.08,0.08,0.01,0.08,0.052558400000000005
0.03,0.01,0.01,0.01,0.02,0.0,0.07,0.04,0.0,0.0,0.01,0.03,0.02,0.01,0.1,0.032648493
0.04,0.01,0.05,0.01,0.05,0.0,0.01,0.04,0.01,0.0,0.0,0.01,0.04,0.03,0.01,0.031274773
0.0,0.03,0.0,0.01,0.01,0.0,0.0,0.08,0.02,0.0,0.02,0.0,0.04,0.03,0.09,0.048876032
0.03,0.01,0.0,0.0,0.08,0.0,0.01,0.04,0.02,0.0,0.02,0.06,0.03,0.0,0.02,0.037222773
,,,,,,,,,,,,,,,0.0
0.01,0.01,0.02,0.05,0.03,0.0,0.03,0.03,0.01,0.0,0.01,0.07,0.04,0.02,0.11,0.019809501
0.08,0.02,0.01,0.09,0.02,0.06,0.01,0.07,0.01,0.0,0.0,0.0,0.01,0.01,0.0,0.030272976
0.1,0.09,0.03,0.21,0.09,0.26,0.46,,0.1,0.42,0.27,0.16,,0.18,0.48,0.0
0.06,0.0,0.05,0.03,0.0,0.0,0.08,0.03,0.03,0.0,0.02,0.07,0.05,0.02,0.04,0.048613206
0.01,0.0,0.01,0.0,0.03,0.0,0.01,0.06,0.03,0.0,0.03,0.04,0.04,0.01,0.17,0.005837901
,,,,,,,,,,,,,,,0.0
0.27,0.72,0.03,0.38,,0.36,0.62,0.4,0.46,0.43,0.24,0.22,0.56,0.48,0.64,0.0
,,,,,,,,,,,,,,,0.0
,,,,,,,,,,,,,,,0.0
,,,,,,,,,,,,,,,0.0
0.03,0.02,0.03,0.0,0.0,0.0,0.02,0.0,0.0,0.0,0.01,0.02,0.02,0.01,0.05,0.032709695
0.02,0.05,0.02,0.02,0.06,0.0,0.06,0.06,0.02,0.0,0.01,0.04,0.03,0.01,0.01,0.019081801
0.2,0.3,0.21,0.19,,0.19,0.39,0.13,0.28,0.38,0.22,0.21,0.23,0.29,0.35,0.0
,,,,,,,,,,,,,,,0.0
0.15,0.05,0.11,0.25,,0.12,0.2,0.15,0.17,0.21,0.16,0.13,0.16,0.15,0.13,0.0
0.06,0.2,0.15,0.13,,0.19,0.21,0.12,0.25,0.25,0.21,0.19,0.26,0.19,0.29,0.0
0.07,0.03,0.09,0.07,0.07,0.0,0.07,0.01,0.01,0.0,0.03,0.1,0.08,0.04,0.03,0.03664525
0.0,0.03,0.07,0.0,0.01,0.0,0.01,0.06,0.0,0.0,0.01,0.01,0.02,0.01,0.05,0.030245053
,,,,,,,,,,,,,,,0.0
0.01,0.18,0.02,0.0,0.06,0.0,0.02,0.02,0.03,0.0,0.0,0.04,0.01,0.04,0.04,0.02172328
0.01,0.03,0.0,0.01,0.07,0.0,0.01,0.04,0.0,0.0,0.0,0.01,0.02,0.0,0.02,0.004979444
,,,,,,,,,,,,,,,0.0
0.02,0.02,0.04,0.01,0.04,0.0,0.05,0.03,0.02,0.0,0.04,0.0,0.01,0.02,0.01,0.017451374
0.01,0.05,0.0,0.02,0.01,0.0,0.03,0.06,0.02,0.0,0.0,0.02,0.06,0.01,0.03,0.042422257000000005
0.02,0.02,0.0,0.0,0.04,0.0,0.08,0.01,0.01,0.0,0.01,0.0,0.0,0.0,0.02,0.04046549
0.05,0.01,0.04,0.01,0.03,0.0,0.07,0.08,0.04,0.0,0.01,0.05,0.06,0.0,0.09,0.0067922976
0.02,0.01,0.03,0.01,0.03,0.0,0.02,0.05,0.02,0.0,0.01,0.0,0.03,0.02,0.08,0.017527573
0.18,0.04,0.14,0.03,0.1,0.06,0.22,0.33,0.02,0.0,0.0,0.0,0.2,0.07,0.0,0.08012061599999999
,,,,,,,,,,,,,,,0.0
0.04,0.01,0.0,0.0,0.02,0.0,0.08,0.02,0.02,0.0,0.02,0.05,0.03,0.01,0.06,0.019950511
0.03,0.04,0.06,0.01,0.05,0.0,0.0,0.01,0.0,0.0,0.0,0.05,0.01,0.04,0.13,0.03260922
,,,,,,,,,,,,,,,0.0
0.02,0.07,0.01,0.0,0.03,0.0,0.01,0.01,0.04,0.0,0.01,0.01,0.01,0.01,0.11,0.026342388
0.1,0.0,0.05,0.07,0.04,0.0,0.08,0.11,0.03,0.0,0.04,0.01,0.06,0.01,0.06,0.06080882
0.01,0.05,0.0,0.01,0.01,0.0,0.08,0.01,0.01,0.0,0.03,0.01,0.05,0.02,0.0,0.0063569634
,,,,,,,,,,,,,,,
,,,,,,,,,,,,,,,0.0
,,,,,,,,,,,,,,,0.0
0.03,0.08,0.0,0.01,0.06,0.0,0.02,0.04,0.03,0.0,0.0,0.07,0.01,0.0,0.02,0.016191516
0.0,0.03,0.0,0.03,0.03,0.0,0.06,0.09,0.02,0.0,0.03,0.03,0.06,0.01,0.17,0.027448015
0.11,0.08,,0.44,,0.4,0.85,0.58,0.67,0.45,,,0.35,0.63,0.57,0.0
0.03,0.0,0.01,0.03,0.03,0.0,0.06,0.04,0.03,0.0,0.0,0.05,0.05,0.01,0.04,0.03600391
,,,,,,,,,,,,,,,0.0
0.0,0.0,0.0,0.0,0.0,0.0,0.0,0.0,0.0,,0.0,0.0,0.0,0.0,0.0,0.049390588
,,,,,,,,,,,,,,,0.0
0.13,0.06,0.15,0.2,,0.3,0.44,0.36,0.42,0.29,,,0.26,0.3,0.05,0.0
,,,,,,,,,,,,,,,0.0
,,,,,,,,,,,,,,,0.0
,,,,,,,,,,,,,,,0.0
,,,,,,,,,,,,,,,0.0
,,,,,,,,,,,,,,,0.0
,,,,,,,,,,,,,,,0.0
0.18,0.04,0.06,0.2,0.04,0.17,0.17,0.0,0.15,0.16,0.0,0.0,0.16,0.17,0.0,0.035316348
,,,,,,,,,,,,,,,0.0
0.04,0.05,0.01,0.02,0.02,0.0,0.07,0.04,0.01,0.0,0.01,0.02,0.04,0.01,0.08,0.011925408
,,,,,,,,,,,,,,,0.0
,,,,,,,,,,,,,,,0.0
0.01,0.02,0.03,0.02,0.05,0.0,0.02,0.02,0.01,0.0,0.02,0.0,0.04,0.0,0.08,0.026663315
0.03,0.01,0.02,0.0,0.02,0.0,0.08,0.01,0.0,0.0,0.01,0.01,0.01,0.04,0.12,0.02207693
0.18,0.02,0.12,0.04,0.02,0.06,0.04,0.02,0.03,0.09,0.0,0.0,0.13,0.09,0.0,0.010110319
0.03,0.03,0.03,0.01,0.01,0.0,0.05,0.04,0.01,0.0,0.01,0.0,0.02,0.01,0.04,0.06146973
,,,,,,,,,,,,,,,0.0
,,,,,,,,,,,,,,,0.0
0.01,0.01,0.01,0.0,0.05,0.0,0.06,0.02,0.02,0.0,0.0,0.06,0.01,0.01,0.06,0.021441208
0.0,0.0,,0.0,,0.0,0.0,0.0,0.0,,0.0,0.0,0.0,0.0,0.0,0.007070766
,,,,,,,,,,,,,,,0.0
,,,,,,,,,,,,,,,0.0
,,,,,,,,,,,,,,,0.0
0.05,0.01,0.01,0.01,0.01,0.0,0.02,0.04,0.02,0.09,0.0,0.01,0.04,0.02,0.04,0.1319085
0.08,0.12,0.01,0.0,0.11,0.03,0.01,0.08,0.05,,0.0,0.0,0.02,0.03,0.0,0.029263815
,,0.12,0.2,,0.42,0.22,0.16,0.2,0.18,0.23,0.16,0.15,0.16,0.11,0.0
,,,,,,,,,,,,,,,0.0
,,,,,,,,,,,,,,,0.0
0.0,0.0,0.01,0.02,0.02,0.0,0.08,0.01,0.01,0.0,0.01,0.03,0.02,0.02,0.15,0.010220225
,,,,,,,,,,,,,,,0.0
,,,,,,,,,,,,,,,0.0
,,,,,,,,,,,,,,,0.0
0.03,0.02,0.0,0.02,0.02,0.0,0.02,0.04,0.0,0.0,0.03,0.01,0.07,0.01,0.04,0.010754763
0.0,0.0,,0.0,,0.0,0.0,0.0,0.0,,0.0,0.0,,0.0,0.0,0.00707075
,,,,,,,,,,,,,,,0.0
,,,,,,,,,,,,,,,0.0
,,,,,,,,,,,,,,,0.0
0.04,0.01,0.01,0.0,0.06,0.0,0.01,0.04,0.01,0.0,0.0,0.04,0.08,0.04,0.04,0.050588347
0.0,0.0,,0.0,0.0,0.0,0.0,0.0,0.0,,0.0,0.0,0.0,0.0,0.0,0.01413962
0.01,0.02,0.01,0.0,0.03,0.0,0.01,0.06,0.0,0.0,0.0,0.01,0.07,0.01,0.0,0.006437745
0.96,0.1,0.06,0.69,,0.15,0.93,0.13,0.66,0.42,,,0.51,0.75,0.38,0.0
0.04,0.0,0.04,0.02,0.16,0.0,0.01,0.14,0.01,0.0,0.01,0.01,0.09,0.01,0.01,0.077693604
0.31,0.57,0.12,0.31,0.21,0.15,0.61,0.42,0.48,0.32,0.25,0.28,0.53,0.34,0.28,0.0
0.03,0.03,0.01,0.0,0.25,0.0,0.03,0.09,0.02,0.0,0.01,0.02,0.05,0.01,0.01,0.040943854
0.01,0.02,0.0,0.01,0.06,0.0,0.0,0.06,0.01,0.0,0.01,0.07,0.03,0.01,0.05,0.028109238
0.2,0.23,0.05,0.31,0.18,0.0,0.08,0.01,0.09,0.28,0.0,0.0,0.17,0.25,0.0,0.084317036
0.01,0.2,0.02,0.01,0.4,0.09,0.07,0.17,0.07,0.29,0.0,0.0,0.01,0.04,0.0,0.046371993
0.04,0.04,0.07,0.01,0.06,0.0,0.07,0.01,0.01,0.0,0.0,0.01,0.02,0.01,0.04,0.04340849
0.07,0.01,0.01,0.04,0.2,0.0,0.01,0.13,0.01,0.0,0.01,0.08,0.1,0.01,0.03,0.07306326
0.0,0.0,0.04,0.04,0.04,0.11,0.05,0.06,0.02,0.0,0.04,0.05,0.06,0.03,0.18,0.010321987
0.01,0.04,0.01,0.04,0.18,0.0,0.05,0.04,0.03,0.0,0.02,0.11,0.01,0.03,0.01,0.06532473
0.02,0.05,0.0,0.0,0.03,0.06,0.05,0.11,0.01,0.0,0.02,0.05,0.17,0.0,0.04,0.021365719
0.09,0.1,,0.53,0.09,0.34,0.66,0.36,0.49,0.38,,,0.67,0.6,0.2,0.0
0.01,0.02,0.02,0.01,0.02,0.0,0.05,0.04,0.01,0.0,0.02,0.02,0.01,0.02,0.02,0.028496614
0.02,0.03,0.04,0.06,0.07,0.0,0.08,0.03,0.02,0.0,0.02,0.0,0.07,0.01,0.06,0.047728073
0.0,0.01,0.0,0.0,0.25,0.0,0.01,0.07,0.04,0.0,0.02,0.04,0.01,0.01,0.01,0.055111192
0.05,0.01,0.02,0.05,0.06,0.0,0.07,0.01,0.01,0.0,0.01,0.0,0.06,0.03,0.01,0.009180182
0.43,0.09,,0.59,0.09,0.12,0.23,0.51,0.68,0.3,,,0.52,0.57,0.19,0.0
0.05,0.03,0.01,0.02,0.04,0.0,0.07,0.01,0.01,0.0,0.03,0.01,0.01,0.02,0.11,0.038008355
0.18,0.15,0.11,0.3,0.13,0.01,0.27,0.13,0.23,0.16,0.0,0.0,0.01,0.18,0.0,0.063412845
,,,,,,,,,,,,,,,0.0
0.01,0.02,0.01,0.01,0.01,0.0,0.07,0.04,0.03,0.0,0.01,0.04,0.01,0.02,0.0,0.036704287
0.0,0.0,0.0,0.0,0.0,0.0,0.0,0.0,0.0,0.26,0.0,0.0,0.0,0.0,0.0,0.021204768
0.03,0.04,0.0,0.04,0.01,0.0,0.07,0.06,0.01,0.0,0.02,0.02,0.07,0.03,0.06,0.05057966
0.01,0.03,0.01,0.03,0.01,0.0,0.07,0.04,0.01,0.0,0.02,0.05,0.08,0.03,0.0,0.023424424
0.0,0.02,0.03,0.02,0.0,0.0,0.09,0.05,0.0,0.0,0.01,0.0,0.05,0.02,0.15,0.032497585
,,,,,,,,,,,,,,,0.0
0.04,0.08,0.0,0.03,0.01,0.0,0.04,0.03,0.02,0.0,0.02,0.04,0.01,0.0,0.02,0.01258006
0.0,0.01,0.01,0.01,0.01,0.0,0.02,0.04,0.0,0.0,0.01,0.01,0.01,0.01,0.09,0.04486046
0.01,0.03,0.01,0.01,0.01,0.0,0.01,0.01,0.01,0.0,0.01,0.08,0.01,0.03,0.17,0.02948147
0.04,0.01,0.01,0.04,0.06,0.0,0.01,0.06,0.03,0.0,0.02,0.04,0.04,0.0,0.12,0.056302535999999986
0.0,0.01,0.02,0.04,0.01,0.0,0.01,0.06,0.03,0.09,0.02,0.08,0.03,0.04,0.06,0.020660654
0.08,0.01,0.07,0.05,0.06,0.0,0.0,0.02,0.0,0.0,0.02,0.09,0.08,0.0,0.05,0.07874203
0.0,0.04,0.02,0.0,0.05,0.04,0.02,0.06,0.01,0.0,0.02,0.03,0.04,0.0,0.04,0.061646875
0.07,0.22,0.06,0.01,0.12,0.01,0.04,0.12,0.04,0.0,0.0,0.0,0.13,0.02,0.02,0.019445851
0.04,0.0,0.01,0.02,0.06,0.0,0.01,0.06,0.02,0.0,0.01,0.02,0.01,0.02,0.03,0.023845011
,,,,,,,,,,,,,,,0.0
0.03,0.03,0.04,0.05,0.01,0.0,0.06,0.04,0.02,0.0,0.02,0.08,0.07,0.02,0.05,0.021424763
0.0,0.03,0.05,0.02,0.05,0.0,0.08,0.07,0.01,0.0,0.01,0.0,0.02,0.02,0.04,0.009746005
,,,,,,,,,,,,,,,0.0
,,,,,,,,,,,,,,,0.0
0.0,0.01,0.03,0.03,0.02,0.0,0.02,0.06,0.04,0.0,0.01,0.09,0.09,0.01,0.18,0.0
0.01,0.0,0.01,0.0,0.01,0.0,0.08,0.04,0.01,0.0,0.02,0.01,0.01,0.0,0.11,0.038871765
0.03,0.01,0.08,0.03,0.0,0.0,0.01,0.11,0.05,0.0,0.03,0.04,0.08,0.02,0.17,0.04585044
,,,,,,,,,,,,,,,0.0
0.0,0.07,0.01,0.07,0.04,0.0,0.1,0.03,0.05,0.0,0.0,0.0,0.07,0.01,0.13,0.031086523
0.0,0.0,0.0,0.0,0.0,0.0,0.0,0.0,0.0,0.0,0.0,0.0,0.0,0.0,0.0,0.0
0.09,0.05,0.04,0.0,0.11,0.0,0.09,0.01,0.06,0.0,0.01,0.12,0.14,0.05,0.0,0.0
,,,,,,,,,,,,,,,0.0
0.02,0.01,0.02,0.01,0.17,0.0,0.09,0.01,0.05,0.0,0.02,0.07,0.11,0.03,,0.0
,,,,,,,,,,,,,,,0.0
0.0,0.1,0.01,0.1,0.08,0.0,0.07,0.06,0.06,0.0,0.0,0.12,0.0,0.06,0.03,0.042359047
0.0,,0.0,0.0,,0.0,0.0,0.0,0.0,,0.0,0.0,0.0,0.0,,0.0
,,,,,,,,,,,,,,,0.0
0.04,0.01,0.02,0.03,0.0,0.0,0.0,0.1,0.01,0.0,0.01,0.03,0.03,0.01,0.07,0.0032266525
,,,,,,,,,,,,,,,0.0
,,,,,,,,,,,,,,,0.0
0.06,0.08,0.05,0.1,0.08,0.07,0.09,0.12,0.08,0.07,0.06,0.07,0.08,0.08,0.09,0.063887425
0.11,0.07,0.05,0.23,,0.17,0.15,0.15,0.19,0.12,0.11,0.14,0.13,0.19,0.12,0.13240947
0.13,,0.1,0.12,0.08,0.16,,0.12,0.15,,0.0,0.0,0.11,0.04,0.0,0.13224766
0.04,0.02,0.04,0.13,0.04,0.0,0.08,0.05,0.0,0.0,0.0,0.0,0.04,0.02,0.13,0.22273035
0.07,0.05,0.06,0.08,0.08,0.1,0.15,0.15,0.15,0.22,0.08,0.12,0.14,0.09,0.19,0.06432296
0.06,0.01,0.04,0.05,0.04,0.0,0.11,0.04,0.01,0.0,0.0,0.0,0.04,0.01,0.0,0.052574594
0.13,0.13,0.13,0.23,0.17,0.19,0.16,0.17,0.12,0.25,0.12,0.14,0.18,0.15,0.12,0.13068023
,,,,,,,,,,,,,,,0.0
,,,,,,,,,,,,,,,0.0
0.08,0.07,0.09,0.09,0.27,0.1,0.15,0.15,0.13,0.11,0.08,0.09,0.16,0.1,0.14,0.064079724
0.0,,0.0,0.0,0.0,0.0,0.0,0.0,0.0,,0.0,0.0,0.0,0.0,0.0,0.17205168
,,,,,,,,,,,,,,,0.0
0.01,0.07,0.0,0.0,0.01,0.05,0.01,0.01,0.03,0.0,0.05,0.05,0.0,0.03,0.15,0.05809465
,,0.11,,0.15,0.14,,,0.06,0.0,0.0,0.0,0.04,0.1,0.0,0.0
0.02,0.01,0.0,0.01,0.03,0.0,0.11,0.06,0.02,0.0,0.03,0.1,0.04,0.02,0.25,0.041510645
,0.0,0.0,0.0,0.0,0.0,0.0,0.0,0.0,0.0,0.0,0.0,0.0,0.0,,0.0
,,,,,,,,,,,,,,,0.0
0.13,0.11,0.06,0.11,0.11,0.01,0.11,0.08,0.07,0.0,0.0,0.0,0.04,0.0,0.0,0.037855376
0.01,,,,0.01,0.1,0.12,0.11,0.08,,0.0,0.0,0.17,0.15,0.0,0.01413962
,0.0,0.0,0.0,,0.0,0.0,0.0,0.0,0.0,0.0,0.0,0.0,0.0,0.0,0.0
0.11,0.1,0.06,0.0,0.0,0.0,0.13,0.08,0.12,0.0,0.0,0.0,0.18,0.07,0.03,0.0
,,,,,,,,,,,,,,,0.0
0.05,0.01,0.02,0.0,,0.03,0.02,0.14,0.03,0.0,0.01,0.04,0.09,0.01,0.04,0.0342033
0.02,0.02,0.09,0.09,0.04,0.0,0.13,0.04,0.01,0.0,0.0,0.0,0.07,0.02,0.0,0.06341282
0.01,0.03,0.03,0.03,0.01,0.0,0.02,0.04,0.01,0.0,0.01,0.0,0.01,0.04,0.11,0.016206406
,,0.06,,,0.01,,,,0.0,0.0,0.0,0.08,0.08,0.0,0.0
0.01,0.01,0.01,0.02,0.03,0.0,0.03,0.0,0.04,0.0,0.02,0.02,0.01,0.01,0.15,0.036056556
0.0,0.0,,0.0,,0.0,0.0,,0.0,,0.0,0.0,,0.0,0.0,0.09814651
,,,,,,,,,,,,,,,0.0
0.07,0.05,0.06,0.07,0.06,0.14,0.11,0.08,0.17,0.14,0.09,0.08,0.07,0.13,0.09,0.06471728
0.05,0.11,0.05,0.12,0.04,0.23,0.14,0.1,0.19,0.28,0.12,0.14,0.1,0.18,0.16,0.06695827
0.14,0.08,0.06,0.16,0.1,0.18,0.16,0.12,0.22,0.14,0.08,0.14,0.11,0.18,0.12,0.064767525
0.07,0.06,0.05,0.18,0.08,0.19,0.19,0.11,0.12,0.19,0.08,0.14,0.13,0.2,0.12,0.06404308
0.08,0.08,0.04,0.07,0.05,0.08,0.09,0.08,0.1,0.1,0.08,0.07,0.06,0.13,0.09,0.06370553400000001
0.05,0.11,0.06,0.07,0.07,0.1,0.12,0.1,0.09,0.19,0.08,0.09,0.07,0.13,0.14,0.06397799
0.07,0.1,0.03,0.16,0.09,0.18,0.14,0.11,0.13,0.17,0.08,0.13,0.1,0.19,0.12,0.06472849
0.09,0.06,0.05,0.07,0.05,0.14,0.11,0.1,0.1,0.13,0.08,0.07,0.09,0.12,0.09,0.06335483
0.06,0.06,0.04,0.06,0.05,0.12,0.1,0.09,0.1,0.14,0.08,0.07,0.07,0.1,0.15,0.06392441
0.1,0.09,0.03,0.09,0.07,0.16,0.1,0.11,0.12,0.11,0.09,0.1,0.08,0.11,0.08,0.06593381
0.22,0.13,0.03,0.13,0.12,0.2,0.15,0.12,0.18,0.18,0.13,0.12,0.11,0.29,0.15,0.065671325
0.11,0.06,0.03,0.09,0.06,0.1,0.1,0.11,0.18,0.24,0.09,0.1,0.09,0.16,0.13,0.06280364
0.22,0.09,0.03,0.1,0.1,0.22,0.12,0.1,0.13,0.12,0.09,0.08,0.1,0.17,0.11,0.06672925
0.22,0.06,0.04,0.1,0.12,0.27,0.13,0.08,0.12,0.11,0.1,0.12,0.1,0.16,0.09,0.06407841
0.1,0.09,0.04,0.09,0.05,0.12,0.12,0.1,0.14,0.25,0.09,0.08,0.1,0.13,0.08,0.061453413
0.08,0.08,0.04,0.08,0.07,0.16,0.12,0.11,0.15,0.1,0.1,0.11,0.08,0.12,0.09,0.06496385
0.1,0.1,0.06,0.08,0.06,0.1,0.12,0.1,0.16,0.11,0.09,0.11,0.09,0.15,0.1,0.06443836
0.05,0.07,0.07,0.07,0.05,0.08,0.11,0.11,0.14,0.21,0.08,0.08,0.07,0.12,0.12,0.06284590000000001
0.05,0.08,0.08,0.08,0.08,0.1,0.11,0.09,0.16,0.14,0.08,0.1,0.08,0.13,0.14,0.06456490599999999
0.09,0.08,0.05,0.08,0.08,0.12,0.11,0.08,0.13,0.19,0.09,0.08,0.06,0.14,0.12,0.06423431
0.08,0.08,0.04,0.09,0.08,0.19,0.11,0.11,0.12,0.06,0.09,0.07,0.06,0.12,0.09,0.06355421
0.09,0.06,0.05,0.09,0.07,0.19,0.12,0.09,0.11,0.09,0.09,0.08,0.09,0.11,0.09,0.06318569
0.07,0.05,0.04,0.08,0.06,0.09,0.1,0.1,0.12,0.17,0.07,0.11,0.09,0.1,0.09,0.061987699999999986
0.23,0.07,0.05,0.09,0.09,0.18,0.12,0.1,0.13,0.09,0.1,0.08,0.1,0.17,0.08,0.06497056
0.23,0.08,0.05,0.06,0.12,0.21,0.11,0.09,0.12,0.13,0.11,0.11,0.1,0.19,0.09,0.06383554
0.07,0.08,0.05,0.13,0.09,0.13,0.11,0.11,0.13,0.1,0.09,0.1,0.1,0.12,0.08,0.06436435
0.06,0.07,0.04,0.08,0.05,0.16,0.11,0.1,0.1,0.11,0.09,0.09,0.08,0.12,0.08,0.06407414
0.13,0.1,0.06,0.06,0.05,0.1,0.11,0.1,0.14,0.2,0.09,0.1,0.07,0.15,0.12,0.06338372
0.23,0.07,0.04,0.07,0.1,0.19,0.14,0.1,0.12,0.12,0.1,0.1,0.1,0.18,0.09,0.063916825
0.15,0.05,0.06,0.07,0.05,0.09,0.1,0.09,0.09,0.12,0.07,0.08,0.07,0.09,0.07,0.06471098
0.17,0.21,0.06,0.14,0.02,0.13,0.16,0.13,0.24,0.2,0.14,0.15,0.18,0.2,0.19,0.06428429
0.05,0.06,0.05,0.09,0.05,0.1,0.11,0.08,0.1,0.08,0.08,0.08,0.06,0.09,0.14,0.06322169
0.09,0.06,0.12,0.08,0.07,0.08,0.1,0.1,0.09,0.17,0.08,0.08,0.07,0.09,0.08,0.0629198
0.16,0.07,0.05,0.09,0.07,0.16,0.13,0.08,0.11,0.1,0.1,0.12,0.09,0.15,0.09,0.06332892
0.08,0.06,0.05,0.09,0.06,0.09,0.12,0.1,0.12,0.12,0.08,0.1,0.07,0.11,0.1,0.06433964
0.06,0.1,0.06,0.08,0.08,0.09,0.1,0.1,0.09,0.1,0.07,0.08,0.08,0.09,0.07,0.06479478
0.1,0.08,0.04,0.14,0.1,0.17,0.14,0.12,0.12,0.17,0.07,0.1,0.11,0.17,0.13,0.06434873
0.07,0.08,0.05,0.1,0.07,0.19,0.13,0.14,0.15,0.1,0.1,0.09,0.08,0.14,0.12,0.065663554
0.04,0.06,0.04,0.18,0.09,0.2,0.17,0.11,0.15,0.18,0.08,0.15,0.12,0.21,0.13,0.06476409999999999
0.06,0.12,0.04,0.19,0.07,0.2,0.15,0.13,0.15,0.13,0.08,0.13,0.12,0.21,0.14,0.06288640000000001
0.1,0.12,0.08,0.07,0.07,0.14,0.14,0.11,0.15,0.17,0.09,0.07,0.07,0.14,0.11,0.06398341
0.08,0.08,0.05,0.12,0.09,0.21,0.11,0.13,0.12,0.1,0.08,0.12,0.11,0.13,0.1,0.06411522
0.07,0.07,0.04,0.09,0.05,0.27,0.14,0.09,0.15,0.31,0.09,0.08,0.07,0.14,0.12,0.06294259999999999
0.36,0.12,0.03,0.17,0.09,0.23,0.21,0.17,0.18,0.23,0.1,0.15,0.13,0.2,0.13,0.06478548
0.1,0.12,0.06,0.09,0.07,0.16,0.1,0.09,0.12,0.11,0.08,0.09,0.07,0.11,0.08,0.06386647
0.22,0.21,0.22,0.18,0.2,0.22,0.17,0.2,0.27,0.37,0.24,0.3,0.16,0.23,0.31,0.13945174
0.09,0.14,0.06,0.09,0.06,0.1,0.11,0.1,0.1,0.06,0.08,0.08,0.06,0.12,0.07,0.065744594
0.08,0.07,0.05,0.1,0.07,0.45,0.11,0.08,0.13,0.19,0.1,0.09,0.07,0.14,0.13,0.06403064
0.06,0.06,0.02,0.12,0.07,0.12,0.09,0.1,0.11,0.15,0.09,0.09,0.08,0.13,0.12,0.06425754
0.05,0.09,0.05,0.13,0.1,0.18,0.12,0.13,0.18,0.16,0.11,0.09,0.09,0.18,0.12,0.062499497
,,,,0.08,,,,,,0.29,0.32,,,,0.063590765
0.04,0.11,0.06,0.06,0.07,0.09,0.1,0.1,0.13,0.14,0.08,0.09,0.06,0.16,0.09,0.0647394
0.12,0.16,0.07,0.11,0.09,0.14,0.12,0.1,0.17,0.1,0.1,0.09,0.09,0.14,0.11,0.06264703
0.07,0.09,0.05,0.07,0.04,0.18,0.09,0.09,0.14,0.15,0.07,0.1,0.07,0.1,0.09,0.06512746
0.1,0.16,0.08,0.08,0.08,0.12,0.1,0.09,0.14,0.18,0.08,0.13,0.08,0.15,0.14,0.064073645
0.01,0.14,0.1,0.37,0.1,0.25,0.25,0.48,0.33,0.5,0.14,0.2,0.17,0.4,0.18,0.13054575
0.05,0.14,0.06,0.08,0.07,0.09,0.08,0.07,0.1,0.1,0.07,0.09,0.08,0.1,0.07,0.10369922
0.07,0.09,0.05,0.06,0.06,0.13,0.09,0.08,0.11,0.09,0.07,0.09,0.05,0.1,0.08,0.10427265
0.08,0.08,0.04,0.09,0.05,0.16,0.1,0.1,0.13,0.12,0.08,0.08,0.07,0.1,0.12,0.10493928
0.05,0.12,0.08,0.07,0.06,0.12,0.09,0.09,0.11,0.11,0.07,0.07,0.05,0.11,0.07,0.10362484
0.06,0.17,0.08,0.08,0.07,0.23,0.11,0.09,0.12,0.16,0.09,0.11,0.12,0.13,0.14,0.10457573
0.05,0.09,0.05,0.07,0.07,0.19,0.08,0.08,0.1,0.1,0.08,0.08,0.07,0.09,0.09,0.10443501
0.07,0.14,0.07,0.08,0.09,0.09,0.09,0.09,0.1,0.05,0.08,0.11,0.06,0.12,0.08,0.10393776
0.1,0.12,0.08,0.07,0.06,0.14,0.09,0.08,0.11,0.06,0.08,0.09,0.06,0.1,0.07,0.103435226
0.09,0.07,0.06,0.19,0.09,0.21,0.17,0.11,0.18,0.18,0.1,0.14,0.12,0.22,0.13,0.10306281
0.1,0.07,0.03,0.09,0.05,0.26,0.12,0.08,0.11,0.18,0.07,0.09,0.06,0.11,0.11,0.10354137
0.08,0.12,0.06,0.07,0.08,0.12,0.11,0.08,0.13,0.09,0.08,0.09,0.11,0.12,0.08,0.06340516
0.09,0.09,0.04,0.07,0.07,0.2,0.1,0.11,0.1,0.15,0.08,0.09,0.09,0.11,0.12,0.06301873
0.05,0.1,0.05,0.07,0.08,0.15,0.09,0.09,0.09,0.16,0.08,0.11,0.09,0.1,0.13,0.064013235
0.12,0.08,0.07,0.11,0.05,0.12,0.1,0.09,0.12,0.09,0.08,0.09,0.09,0.12,0.1,0.06400092
0.03,0.07,0.05,0.07,0.07,0.08,0.11,0.12,0.09,0.15,0.07,0.11,0.09,0.1,0.1,0.06456135
0.08,0.07,0.06,0.07,0.06,0.16,0.09,0.07,0.08,0.09,0.08,0.07,0.07,0.08,0.1,0.063885495
0.09,0.07,0.05,0.08,0.05,0.16,0.09,0.09,0.08,0.08,0.06,0.09,0.07,0.09,0.1,0.06457225
0.06,0.06,0.04,0.08,0.06,0.22,0.09,0.1,0.09,0.13,0.07,0.11,0.07,0.11,0.11,0.06418638
0.07,0.07,0.06,0.08,0.1,0.15,0.1,0.1,0.1,0.14,0.09,0.12,0.09,0.11,0.09,0.06781503
0.12,0.08,0.05,0.08,0.06,0.15,0.09,0.1,0.11,0.11,0.08,0.09,0.09,0.11,0.09,0.06353992
0.07,0.1,0.06,0.06,0.06,0.13,0.09,0.09,0.08,0.09,0.07,0.09,0.06,0.1,0.08,0.064016685
0.06,0.09,0.05,0.06,0.07,0.12,0.1,0.09,0.1,0.09,0.07,0.1,0.12,0.12,0.1,0.0636856
0.07,0.09,0.05,0.09,0.07,0.16,0.1,0.11,0.09,0.1,0.08,0.09,0.06,0.1,0.09,0.06410348
0.08,0.07,0.04,0.06,0.07,0.13,0.09,0.1,0.13,0.14,0.07,0.09,0.07,0.11,0.09,0.06437004
0.12,0.08,0.06,0.09,0.07,0.14,0.11,0.09,0.13,0.15,0.08,0.09,0.08,0.12,0.14,0.061361942
0.05,0.06,0.02,0.16,0.08,0.16,0.13,0.13,0.15,0.12,0.09,0.14,0.09,0.17,0.2,0.0643328
0.05,0.05,0.04,0.15,0.08,0.12,0.1,0.09,0.13,0.42,0.08,0.08,0.09,0.15,0.15,0.064139195
0.04,0.16,0.1,0.1,0.1,0.2,0.09,0.12,0.11,0.01,0.1,0.14,0.07,0.15,0.15,0.064699076
0.12,0.06,0.06,0.12,0.08,0.17,0.09,0.08,0.09,0.1,0.07,0.09,0.08,0.1,0.09,0.06501771
0.07,0.08,0.02,0.21,0.1,0.24,0.16,0.13,0.14,0.32,0.1,0.16,0.11,0.23,0.15,0.062331047
0.1,0.12,0.06,0.16,0.09,0.15,0.11,0.1,0.15,0.08,0.1,0.13,0.08,0.16,0.17,0.064360864
0.07,0.13,0.07,0.09,0.06,0.24,0.11,0.11,0.16,0.15,0.11,0.12,0.1,0.14,0.12,0.104467645
0.08,0.12,0.07,0.11,0.1,0.09,0.12,0.09,0.16,0.24,0.11,0.12,0.07,0.17,0.15,0.10287761
0.05,0.07,0.05,0.08,0.06,0.08,0.09,0.08,0.11,0.14,0.07,0.1,0.08,0.07,0.08,0.10373151
0.06,0.14,0.07,0.09,0.06,0.13,0.13,0.1,0.16,0.1,0.1,0.09,0.07,0.17,0.17,0.103470534
0.21,0.1,0.04,0.22,0.1,0.39,0.18,0.13,0.18,0.15,0.12,0.18,0.17,0.21,0.14,0.063505545
0.05,0.11,0.03,0.17,0.08,0.13,0.12,0.19,0.21,0.16,0.11,0.14,0.1,0.21,0.18,0.06610109
0.07,0.11,0.09,0.11,0.07,0.25,0.1,0.1,0.11,0.15,0.08,0.09,0.08,0.12,0.09,0.10336656
0.07,0.11,0.07,0.09,0.06,0.25,0.09,0.07,0.13,0.08,0.09,0.09,0.08,0.12,0.09,0.06340813
0.09,0.11,0.08,0.1,0.08,0.13,0.12,0.08,0.15,0.17,0.09,0.11,0.09,0.14,0.12,0.103879526
0.12,0.11,0.07,0.12,0.09,0.12,0.12,0.12,0.14,0.18,0.1,0.12,0.08,0.15,0.17,0.10218369
0.07,0.14,0.06,0.18,0.09,0.14,0.1,0.09,0.17,0.05,0.11,0.13,0.08,0.17,0.17,0.12499348
0.1,0.12,0.08,0.15,0.1,0.09,0.14,0.09,0.19,0.31,0.12,0.14,0.09,0.16,0.16,0.10651696
0.1,0.24,0.07,0.14,0.08,0.18,0.11,0.1,0.14,0.08,0.1,0.14,0.08,0.14,0.09,0.064892255
0.34,0.38,,0.56,0.2,0.05,0.35,0.43,0.42,0.19,0.23,0.35,0.17,0.4,0.14,0.1449593
0.25,0.13,0.07,0.21,0.1,0.26,0.18,0.11,0.13,0.2,0.11,0.16,0.13,0.2,0.11,0.1296099
0.12,0.23,0.31,0.17,0.12,0.17,0.12,0.1,0.14,0.3,0.12,0.16,0.08,0.15,0.11,0.12742215
0.11,0.28,0.09,0.19,0.15,0.45,0.16,0.18,0.23,0.81,0.2,0.26,0.17,0.24,0.15,0.13270669
,,,,,,,,,,,,,,,
0.2,0.18,0.08,0.18,0.13,0.21,0.21,0.12,0.14,0.34,0.11,0.16,0.13,0.19,0.11,0.06319754
0.1,0.2,0.09,0.16,0.15,0.15,0.12,0.13,0.22,0.23,0.15,0.18,0.1,0.17,0.13,0.06476823
,,,,,,,,,,,,,,,0.0
,,,,,,,,,,,,,,,0.0
0.56,0.16,0.12,0.2,0.05,0.31,0.34,0.2,0.27,0.34,0.12,0.19,0.15,0.35,0.19,0.13358520000000002
0.15,0.12,0.28,0.29,0.05,0.33,0.31,0.09,0.33,0.12,0.14,0.22,0.15,0.42,0.19,0.06434037
,,,,,,,,,,,,,,,0.0
0.08,0.19,0.09,0.16,0.11,0.16,0.1,0.08,0.11,0.19,0.11,0.12,0.09,0.13,0.13,0.12986615
,,,,,,,,,,,,,,,0.0
0.14,0.29,0.12,0.22,0.22,0.16,0.16,0.17,0.22,0.52,0.2,0.22,0.19,0.27,0.15,0.06789104
0.34,0.18,0.08,0.17,0.11,0.25,0.21,0.13,0.16,0.25,0.12,0.18,0.15,0.24,0.14,0.064562276
0.15,0.18,0.12,0.19,0.1,0.21,0.19,0.14,0.13,0.13,0.12,0.14,0.13,0.19,0.12,0.06425633
,,,,,,,,,,,,,,,0.0
0.19,0.21,0.01,0.11,0.13,0.22,0.26,0.14,0.21,0.28,0.12,0.21,0.15,0.26,0.18,0.06475268
0.08,0.18,0.1,0.13,0.08,0.1,0.1,0.1,0.17,0.07,0.12,0.1,0.09,0.1,0.11,0.06529566
0.05,0.09,0.05,0.11,0.07,0.09,0.08,0.08,0.08,0.2,0.06,0.07,0.08,0.09,0.07,0.0653754
0.26,0.17,0.17,0.14,0.11,0.25,0.19,0.12,0.16,0.19,0.12,0.16,0.16,0.25,0.13,0.12944695
0.2,0.23,0.1,0.14,0.13,0.19,0.14,0.13,0.16,0.31,0.14,0.19,0.14,0.21,0.11,0.13108337
0.02,0.01,0.01,0.01,0.19,0.06,0.02,0.05,0.0,0.0,0.0,0.04,0.09,0.0,0.03,0.060357913
,,,,,,,,,,,,,,,0.0
0.06,0.0,0.0,0.02,,0.0,0.01,0.07,0.01,,0.0,0.03,0.06,0.0,0.06,0.15629503
,,0.17,,0.0,0.12,,0.13,,,0.0,0.0,0.04,0.13,0.0,0.021204771
0.01,0.01,0.0,0.0,0.08,0.0,0.02,0.04,0.03,0.0,0.01,0.0,0.06,0.01,0.1,0.029599678
,,,,,,,,,,,,,,0.0,0.0
,,,,,,,,,,,,,,,0.0
0.14,,,,,,0.08,,0.04,0.0,0.0,0.0,,0.13,0.0,0.028744923
,,,,,,,,,,,,,,,0.0
,,,,,,,,,,,,,,,0.0
0.01,0.04,0.01,0.01,,0.06,0.01,0.06,0.06,0.0,0.03,0.04,0.07,0.05,0.08,0.05751713
,,,,,,,,,,,,,,,0.0
,,,,,,,,,,,,,,,0.0
0.02,0.0,0.0,0.03,0.02,0.0,0.04,0.01,0.07,,0.02,0.13,0.11,0.04,0.0,0.040334426
0.03,0.02,0.02,0.02,,0.16,0.0,0.1,0.11,0.0,0.01,0.02,,0.01,0.23,0.090937935
0.05,0.02,0.0,0.01,,0.06,0.04,0.05,0.02,0.0,0.01,0.01,0.11,0.0,0.21,0.009471001
,,,,,,,,,,,,,,,0.0
0.03,0.03,0.1,0.09,0.15,0.0,0.13,0.04,0.17,0.0,0.0,0.0,0.07,0.04,0.06,0.0
,0.02,0.04,,0.0,0.0,0.1,0.01,0.07,0.0,0.01,0.04,0.08,0.05,0.0,0.03522827
0.01,0.04,0.0,0.05,0.0,0.0,0.1,0.04,0.07,0.0,0.01,0.01,0.04,0.03,0.01,0.039782863
0.02,0.03,0.01,0.01,,0.17,0.05,0.08,0.17,0.0,0.03,0.0,,0.01,0.08,0.023760231
0.03,0.02,0.01,0.04,,0.13,0.08,0.05,0.13,0.0,0.0,0.0,0.16,0.01,0.0,0.025095852
,,,,,,,,,,,,,,,0.0
0.19,0.05,0.02,0.16,0.11,0.19,0.13,0.12,0.1,0.19,0.09,0.15,0.14,0.17,0.13,0.064079255
0.09,0.05,0.04,0.2,0.1,0.22,0.16,0.12,0.14,0.25,0.09,0.16,0.14,0.22,0.15,0.0623879
0.23,0.11,0.04,0.18,0.11,0.21,0.15,0.14,0.11,0.16,0.09,0.16,0.13,0.19,0.15,0.06450597
0.12,0.08,0.05,0.19,0.1,0.2,0.14,0.16,0.11,0.21,0.08,0.12,0.13,0.2,0.14,0.06489550000000001
0.67,0.08,0.1,0.34,0.08,0.32,0.24,0.17,0.22,0.19,0.12,0.17,0.14,0.32,0.22,0.12987782
0.03,0.08,0.04,0.23,0.12,0.19,0.16,0.1,0.14,0.23,0.1,0.17,0.13,0.26,0.17,0.064506106
0.1,0.09,0.03,0.14,0.1,0.16,0.1,0.12,0.09,0.14,0.08,0.12,0.12,0.12,0.1,0.06449845400000001
0.23,0.1,0.02,0.18,0.1,0.2,0.12,0.12,0.11,0.13,0.09,0.14,0.14,0.18,0.16,0.06417276
0.17,0.07,0.03,0.23,0.09,0.21,0.14,0.15,0.13,0.21,0.1,0.16,0.12,0.2,0.16,0.0643248
0.17,0.07,0.07,0.11,0.07,0.15,0.1,0.12,0.1,0.15,0.08,0.12,0.12,0.12,0.11,0.06466621
0.34,0.1,0.09,0.13,0.09,0.13,0.09,0.09,0.14,0.1,0.11,0.14,0.09,0.13,0.13,0.06403558
,,,,,,,,,,,,,,,
0.24,0.07,0.06,0.13,0.1,0.12,0.1,0.09,0.1,0.17,0.09,0.13,0.1,0.15,0.09,0.06360725
0.24,0.07,0.07,0.13,0.09,0.14,0.11,0.09,0.1,0.14,0.1,0.12,0.09,0.13,0.12,0.06420284
0.17,0.12,0.11,0.14,0.14,0.13,0.11,0.1,0.12,0.26,0.12,0.15,0.13,0.16,0.1,0.06268677
0.12,0.15,0.11,0.13,0.11,0.13,0.11,0.1,0.11,0.3,0.12,0.18,0.1,0.17,0.14,0.06361598
0.21,0.09,0.15,0.15,0.1,0.18,0.12,0.12,0.09,0.22,0.1,0.13,0.1,0.16,0.13,0.06500507
,,,,,,,,,,,,,,,
0.16,0.13,0.12,0.15,0.12,0.15,0.11,0.11,0.12,0.22,0.13,0.21,0.13,0.22,0.11,0.06406288
0.12,0.16,0.13,0.16,0.13,0.13,0.11,0.11,0.16,0.15,0.13,0.19,0.11,0.19,0.15,0.06565676
,,,,,,,,,,,,,,,
0.16,0.11,0.12,0.12,0.09,0.15,0.11,0.1,0.15,0.21,0.11,0.14,0.1,0.18,0.13,0.12938975
0.16,0.1,0.07,0.11,0.1,0.15,0.1,0.1,0.14,0.18,0.1,0.13,0.09,0.16,0.11,0.06289954
0.27,0.13,0.19,0.14,0.13,0.16,0.12,0.09,0.16,0.21,0.12,0.17,0.12,0.17,0.09,0.06393985
0.06,0.05,0.01,0.16,0.1,0.2,0.13,0.14,0.14,0.19,0.1,0.14,0.13,0.21,0.13,0.064719476
0.19,0.26,0.11,0.2,0.33,0.2,0.17,0.13,0.22,0.52,0.16,0.14,0.12,0.19,0.18,0.0
0.34,0.35,0.2,0.37,0.31,0.28,0.35,0.15,0.18,0.0,0.0,0.0,0.04,0.24,0.0,0.028264305
0.01,0.05,0.07,0.03,,0.03,0.06,0.24,0.03,0.0,0.02,0.06,0.09,0.03,0.1,0.008311961
0.5,0.25,0.14,0.19,0.1,0.29,0.49,0.25,0.31,0.57,0.25,0.2,0.39,0.3,0.49,0.0
0.01,0.14,,0.1,,0.14,0.17,0.21,,0.5,0.3,0.16,,0.18,0.02,0.0
0.01,0.02,0.0,0.03,,0.04,0.02,0.09,0.11,0.0,0.01,0.04,0.13,0.02,0.05,0.03174583
0.07,0.01,0.13,0.03,0.19,0.09,0.02,0.04,0.25,0.12,0.0,0.0,0.02,0.09,0.0,0.035316348
0.14,0.14,0.04,0.13,,0.18,0.05,0.36,0.04,0.0,0.0,0.0,0.0,0.16,0.0,0.06847263
0.29,0.43,0.2,0.39,0.21,0.24,0.22,0.08,0.18,0.21,0.0,0.0,0.1,0.26,0.0,0.014139646
0.33,0.29,0.01,0.4,0.17,0.06,0.23,0.13,0.26,0.32,0.0,0.0,0.18,0.27,0.0,0.014139619
,,,,,,,,,,,,,,,0.0
0.47,0.28,0.28,0.22,0.11,0.34,0.55,0.37,0.4,0.34,0.25,0.1,0.35,0.42,0.68,0.0
0.45,0.26,0.22,0.23,0.08,0.3,0.48,0.09,0.52,0.45,0.21,0.14,0.25,0.34,0.43,0.0
0.41,0.28,0.04,0.3,0.08,0.29,0.61,0.28,0.55,0.32,0.24,0.1,0.44,0.37,0.49,0.0
0.0,0.0,0.09,0.0,0.28,0.0,0.0,0.0,0.0,0.16,0.0,0.0,0.0,0.0,0.0,0.13224764
0.06,0.21,0.04,0.03,,0.05,0.01,0.08,0.09,0.0,0.0,0.0,0.12,0.06,0.0,0.041120693
0.02,0.09,0.01,0.03,0.03,0.08,0.05,0.07,0.03,0.0,0.0,0.0,0.11,0.01,0.0,0.015799837
0.02,0.01,0.01,0.01,,0.05,0.0,0.17,0.03,0.0,0.01,0.05,0.13,0.01,0.08,0.02893889
0.57,0.11,0.01,0.13,,,0.36,,0.17,,0.15,0.12,0.3,0.2,,0.0
0.18,0.34,0.16,0.19,,0.22,0.41,0.24,0.19,0.27,0.24,0.26,0.13,0.19,0.4,0.0
0.21,0.14,0.23,0.24,0.09,0.2,0.53,0.15,0.46,0.51,0.23,0.17,0.37,0.34,0.57,0.0
0.0,0.0,0.0,0.0,0.08,0.0,0.0,0.0,0.0,0.0,0.0,0.0,0.0,0.0,0.0,0.070399925
0.01,0.02,0.05,0.01,0.0,0.04,0.06,0.0,0.03,0.0,0.04,0.01,0.04,0.0,0.07,0.008533701
,,,,,,,,,,0.35,0.16,0.04798076,0.05538296,,0.0
0.54,0.08,,0.41,,0.15,0.64,0.28,0.62,0.29,0.029997524,,,0.74,0.17,0.0
0.0,0.0,0.12,0.0,0.12,0.0,0.0,0.0,0.0,0.21,0.0,0.0,0.0,0.0,0.0,0.09814649
0.02,0.02,0.01,0.01,0.22,0.02,0.02,0.04,0.01,0.0,0.03,0.02,0.08,0.02,0.06,0.012383524
0.12,0.21,0.09,0.17,0.19,0.22,0.26,0.16,0.23,0.34,0.17,0.25,0.21,0.25,0.35,0.0
0.37,0.18,0.19,0.22,,0.2,0.76,0.2,0.44,0.37,0.28,0.09,0.08,0.4,0.35,0.0
0.01,0.08,0.0,0.04,0.17,0.01,0.03,0.11,0.0,0.17,0.0,0.0,0.04,0.03,0.0,0.048480045
,,,,,,,,,,,,,,,0.0
0.03,0.0,0.04,0.02,0.06,0.06,0.03,0.06,0.04,0.0,0.01,0.03,0.13,0.0,0.02,0.018087868
0.04,0.01,0.21,0.15,0.19,0.37,0.3,0.32,0.31,0.17,0.23,0.12,0.25,0.27,0.41,0.0
0.09,0.1,0.05,0.11,0.06,0.16,0.09,0.1,0.14,0.21,0.08,0.08,0.06,0.11,0.14,0.063924916
0.13,0.11,0.02,0.06,0.05,0.1,0.09,0.08,0.11,0.1,0.08,0.1,0.05,0.13,0.09,0.063261345
0.14,0.09,0.04,0.08,0.07,0.11,0.11,0.1,0.16,0.07,0.09,0.11,0.1,0.13,0.12,0.06374640000000001
0.07,0.07,0.05,0.22,0.12,0.22,0.2,0.11,0.14,0.21,0.1,0.16,0.14,0.28,0.13,0.06352337
0.06,0.11,0.03,0.13,0.07,0.16,0.12,0.11,0.11,0.16,0.08,0.13,0.11,0.12,0.08,0.06395737
0.16,0.14,0.07,0.12,0.11,0.15,0.13,0.1,0.13,0.28,0.1,0.17,0.11,0.16,0.14,0.06575213
0.06,0.17,0.08,0.12,0.11,0.14,0.12,0.1,0.1,0.14,0.09,0.12,0.11,0.16,0.12,0.06527131
0.07,0.11,0.05,0.12,0.06,0.12,0.12,0.12,0.12,0.16,0.09,0.1,0.09,0.11,0.17,0.063719705
0.19,0.11,0.09,0.13,0.11,0.17,0.1,0.1,0.11,0.15,0.09,0.12,0.1,0.13,0.11,0.0653604
0.15,0.07,0.05,0.14,0.1,0.16,0.1,0.11,0.1,0.08,0.09,0.11,0.11,0.13,0.1,0.06386119
0.14,0.1,0.07,0.09,0.11,0.13,0.11,0.11,0.14,0.22,0.09,0.12,0.09,0.12,0.16,0.06482035
0.1,0.06,0.04,0.11,0.08,0.16,0.09,0.1,0.09,0.11,0.07,0.09,0.09,0.12,0.11,0.06507285
0.11,0.12,0.08,0.11,0.12,0.14,0.1,0.1,0.1,0.14,0.09,0.12,0.1,0.13,0.1,0.06386108
0.12,0.09,0.12,0.12,0.11,0.16,0.09,0.1,0.1,0.07,0.09,0.12,0.11,0.11,0.14,0.06331305
0.12,0.09,0.06,0.12,0.09,0.15,0.11,0.12,0.11,0.09,0.08,0.11,0.09,0.12,0.13,0.06478006
0.1,0.12,0.04,0.28,0.1,0.29,0.2,0.13,0.17,0.26,0.12,0.16,0.13,0.28,0.19,0.14688455
0.09,0.06,0.04,0.12,0.09,0.15,0.1,0.11,0.13,0.06,0.08,0.14,0.11,0.12,0.14,0.06244123400000001
0.15,0.06,0.06,0.11,0.11,0.13,0.14,0.12,0.11,0.08,0.09,0.13,0.1,0.12,0.12,0.063629344
0.06,0.12,0.06,0.07,0.09,0.17,0.15,0.11,0.13,0.28,0.09,0.11,0.1,0.17,0.16,0.14859183
0.63,0.27,0.14,0.19,0.09,0.28,0.25,0.28,0.25,0.69,0.26,0.17,0.19,0.4,0.2,0.15885697
0.04,0.15,0.05,0.14,0.09,0.27,0.17,0.11,0.19,0.18,0.11,0.11,0.1,0.16,0.09,0.06738227
0.16,0.18,0.06,0.11,0.08,0.2,0.16,0.12,0.2,0.09,0.12,0.13,0.13,0.23,0.11,0.06411781
0.18,0.11,0.05,0.12,0.09,0.13,0.11,0.11,0.12,0.2,0.09,0.12,0.12,0.14,0.1,0.06457623
0.17,0.14,0.09,0.13,0.09,0.16,0.2,0.13,0.25,0.39,0.14,0.17,0.19,0.25,0.27,0.064317085
0.07,0.1,0.07,0.12,0.12,0.15,0.09,0.11,0.11,0.11,0.09,0.13,0.09,0.12,0.11,0.0645333
0.03,0.09,0.04,0.1,0.06,0.09,0.11,0.1,0.13,0.25,0.09,0.09,0.09,0.14,0.15,0.062349543
0.12,0.1,0.06,0.1,0.09,0.17,0.11,0.12,0.1,0.09,0.09,0.13,0.11,0.17,0.11,0.06386589
0.25,0.07,0.05,0.17,0.12,0.21,0.19,0.2,0.12,0.18,0.09,0.13,0.13,0.19,0.16,0.064246565
0.05,0.06,0.04,0.09,0.08,0.17,0.12,0.1,0.16,0.18,0.09,0.11,0.08,0.17,0.13,0.064342275
,,,,0.34,,,,,,0.25,0.21,,,,0.06388142
0.14,0.09,0.05,0.12,0.11,0.15,0.11,0.09,0.12,0.08,0.08,0.1,0.08,0.13,0.14,0.06388141
0.13,0.08,0.04,0.13,0.1,0.15,0.11,0.1,0.14,0.12,0.09,0.13,0.09,0.13,0.09,0.06349582
0.1,0.1,0.52,0.12,0.1,0.14,0.1,0.11,0.12,0.09,0.08,0.1,0.11,0.13,0.09,0.06427171
0.09,0.17,0.28,0.45,0.08,0.18,0.22,0.29,0.24,0.56,0.14,0.22,0.2,0.4,0.13,0.066925675
0.08,0.1,0.05,0.09,0.09,0.12,0.1,0.09,0.1,0.11,0.07,0.1,0.09,0.1,0.13,0.06468057
0.13,0.12,0.12,0.1,0.09,0.16,0.13,0.13,0.13,0.14,0.11,0.14,0.11,0.15,0.13,0.14669979
0.04,0.06,0.05,0.16,0.1,0.24,0.18,0.13,0.18,0.15,0.1,0.12,0.13,0.21,0.21,0.068421975
0.09,0.11,0.07,0.12,0.09,0.14,0.1,0.1,0.1,0.12,0.1,0.13,0.11,0.14,0.14,0.06460052
,,,,,,,,,,,,,,,0.0
,,,,,,,,,,,,,,,0.0
,,,,,,,,,,,,,,,0.0
,,,,,,,,,,,,,,,0.0
,,,,,,,,,,,,,,,0.0
,,,,,,,,,,,,,,,0.0
,,,,,,,,,,,,,,,0.049999997
,,,,,,,,,,,,,,,0.0
,,,,,,,,,,,,,,,0.0
,,,,,,,,,,,,,,,0.0
,,,,,,,,,,,,,,,0.0
,,,,,,,,,,,,,,,0.0
,,,,,,,,,,,,,,,0.0
,,,,,,,,,,,,,,,0.0
,,,,,,,,,,,,,,,0.1
,,,,,,,,,,,,,,,0.0
0.04,0.03,0.0,0.0,,0.03,0.04,0.01,0.02,0.0,0.04,0.01,0.07,0.0,0.05,0.037089474
,,,,,,,,,,,,,,,0.0
,,,,,,,,,,,,,,,0.0
,,,,,,,,,,,,,,,0.0
0.02,0.0,0.06,0.02,,0.09,0.03,,0.03,0.0,0.0,0.05,0.12,0.01,0.03,0.002527999
,,,,,,,,,,,,,,,0.0
,,,,,,,,,,,,,,,0.0
,,,,,,,,,,,,,,,0.0
,,,,,,,,,,,,,,,0.25
,,,,,,,,,,,,,,,0.0
,,,,,,,,,,,,,,,0.0
,,,,,,,,,,,,,,,0.0
,,,,,,,,,,,,,,,0.0
,,,,,,,,,,,,,,,0.0
,,,,,,,,,,,,,,,0.0
0.09,0.1,0.05,0.02,0.03,0.0,0.13,0.06,0.01,,0.0,0.0,0.01,0.01,0.0,0.008867706999999999
,,,,,,,,,,,,,,,0.0
,,,,,,,,,,,,,,,0.0
,,,,,,,,,,,,,,,0.0
,,,,,,,,,,,,,,,0.0
,,,,,,,,,,,,,,,0.14999999
,,,,,,,,,,,,,,,0.049999997
,,,,,,,,,,,,,,,0.0
,,,,,,,,,,,,,,,0.0
,,,,,,,,,,,,,,,0.0
,,,,,,,,,,,,,,,0.0
,,,,,,,,,,,,,,,0.0
0.0,0.0,,0.0,,0.0,0.0,0.0,0.0,,0.0,0.0,,0.0,0.0,0.098146476
0.11,0.13,,0.12,0.04,0.13,0.16,0.27,0.13,0.19,0.13,0.14,0.16,0.13,0.13,0.10589073
0.09,0.07,0.06,0.12,,0.11,0.14,0.28,0.16,0.11,0.1,0.12,0.24,0.15,0.1,0.06417708
0.03,0.09,0.06,0.06,0.07,0.08,0.07,0.07,0.07,0.1,0.05,0.07,0.07,0.06,0.07,0.06522609
0.05,0.14,0.05,0.08,0.04,0.09,0.12,0.14,0.11,0.06,0.07,0.06,0.11,0.09,0.12,0.06471080000000001
,,,,,,,,,,,,,,,0.0
0.05,0.05,0.03,0.1,0.08,0.1,0.1,0.12,0.1,0.04,0.06,0.06,0.1,0.09,0.13,0.06425834
0.08,0.06,0.08,0.09,0.08,0.09,0.1,0.12,0.12,0.11,0.08,0.08,0.1,0.09,0.09,0.08714926
0.12,0.18,,0.15,,0.09,0.24,0.17,0.18,0.24,0.23,0.16,,0.16,0.31,
0.05,0.12,0.13,0.09,,0.09,0.13,0.35,0.14,0.11,0.08,0.09,0.16,0.1,0.11,0.06382827
0.07,0.1,0.04,0.09,,0.08,0.15,0.15,0.1,0.18,0.07,0.07,0.09,0.1,0.07,0.06380371
0.16,0.15,0.12,0.19,,0.31,0.19,0.14,0.13,0.07,0.11,0.13,0.23,0.13,0.1,0.06423484
0.13,0.05,0.05316108,0.14,0.04,0.1,0.14,0.13,0.13,0.04,0.09,0.09,0.1,0.14,0.12,0.10632327
0.09,0.08,,0.09,,0.08,0.22,0.18,0.15,0.04,0.17,0.06,0.23,0.17,0.19,0.15
0.07,0.05,0.03,0.1,0.27,0.1,0.11,0.1,0.11,0.14,0.07,0.07,0.1,0.1,0.14,0.06537774
0.08,0.12,0.09,0.09,0.02,0.14,0.16,0.21,0.14,0.13,0.09,0.11,0.17,0.16,0.12,0.063871115
0.22,0.26,0.19,0.26,0.33,0.12,0.23,0.19,0.22,0.27,0.21,0.2,0.12,0.19,0.08,0.14328066
0.21,0.17,0.13,0.15,0.24,0.14,0.13,0.16,0.14,0.14,0.12,0.13,0.14,0.19,0.15,0.06467554
0.06,0.05,,0.08,0.06,0.08,0.09,0.11,0.09,0.12,0.06,0.1,0.08,0.07,0.11,0.06461315
0.11,0.09,0.07,0.1,0.06,0.1,0.11,0.11,0.1,0.18,0.09,0.14,0.09,0.1,0.13,0.06464024
0.08,0.06,0.03,0.08,0.19,0.08,0.1,0.21,0.09,0.06,0.07,0.07,0.12,0.09,0.1,0.0650342
0.06,0.07,0.11,0.08,0.1,0.1,0.08,0.13,0.08,0.05,0.07,0.05,0.12,0.08,0.14,0.06395413
0.07,0.07,0.05,0.06,,0.08,0.11,0.17,0.11,0.07,0.08,0.08,0.11,0.09,0.08,0.06308432
0.06,0.13,0.05,0.11,0.08,0.08,0.12,0.16,0.1,0.09,0.08,0.09,0.12,0.09,0.11,0.06461701
0.21,0.19,0.19,0.38,,0.43,0.22,0.19,0.24,0.22,0.14,0.14,0.21,0.21,0.19,0.06791024
0.03,0.07,0.03,0.13,0.04,0.11,0.09,0.1,0.12,0.09,0.08,0.08,0.09,0.09,0.15,0.063860424
0.02,0.06,0.09,0.11,0.1,0.14,0.12,0.13,0.11,0.16,0.08,0.09,0.13,0.11,0.16,0.0635226
,,,,,,,,,,,,,,,0.0
0.06,0.07,0.03,0.08,,0.09,0.15,0.18,0.13,0.19,0.08,0.07,0.14,0.11,0.09,0.06476436599999999
0.06,0.08,0.04,0.16,0.03,0.12,0.09,0.1,0.12,0.11,0.08,0.09,0.13,0.16,0.2,0.06396399
0.07,0.08,0.14,0.16,0.05,0.1,0.14,0.13,0.12,0.11,0.11,0.08,0.12,0.1,0.11,0.064423196
0.12,0.15,0.07,0.13,0.16,0.26,0.16,0.17,0.16,0.06,0.11,0.09,0.1,0.15,0.14,0.06511857
0.1,0.05,0.03,0.08,0.05,0.08,0.09,0.09,0.1,0.14,0.08,0.07,0.07,0.08,0.13,0.06374931
,,,,,,,,,,,,,,,0.0
0.05,0.04,0.04,0.17,0.04,0.12,0.08,0.1,0.11,0.06,0.07,0.08,0.12,0.09,0.15,0.06444326
0.05,0.05,0.05,0.07,0.05,0.09,0.09,0.09,0.11,0.09,0.06,0.06,0.08,0.09,0.08,0.064448245
0.22,0.28,0.22,0.49,,0.37,0.36,0.33,0.52,0.23,0.2,0.17,0.31,0.31,0.51,0.17088027
0.03,0.07,0.05,0.07,0.05,0.08,0.07,0.07,0.06,0.06,0.06,0.06,0.05,0.06,0.08,0.06578859
0.07,0.06,0.02,0.07,,0.08,0.1,0.19,0.09,0.08,0.07,0.09,0.13,0.08,0.08,0.06450276
0.04,0.08,0.03,0.14,0.05,0.12,0.09,0.1,0.11,0.08,0.07,0.08,0.09,0.11,0.12,0.06295587
0.04,0.14,0.03,0.1,0.05,0.08,0.08,0.07,0.08,0.08,0.06,0.08,0.05,0.09,0.1,0.065499365
0.2,0.24,0.1,0.18,,0.14,0.16,0.43,0.23,0.2,0.15,0.08,0.27,0.2,0.24,0.15445379999999995
0.06,0.05,0.05,0.12,0.07,0.09,0.1,0.12,0.1,0.12,0.07,0.07,0.09,0.07,0.08,0.064419456
,,,,,,,,,,,,,,,
0.1,0.09,0.03,0.1,,0.1,0.12,0.16,0.1,0.07,0.09,0.09,0.13,0.11,0.11,0.06511611
,0.05,,,,0.05,,,,,,,,,,0.25
0.05,0.09,0.04,0.1,0.06,0.1,0.08,0.11,0.12,0.07,0.07,0.1,0.12,0.09,0.14,0.06370309
,0.08,,,,0.08,,,,,,,,,,0.0
0.34,0.09,0.1,0.4,,0.31,0.43,0.31,0.42,0.18,0.25,0.22,0.33,0.37,0.21,0.0
0.05,0.06,0.04,0.14,0.05,0.1,0.09,0.08,0.09,0.1,0.07,0.09,0.1,0.1,0.13,0.063244395
0.07,0.09,0.04,0.14,0.04,0.15,0.12,0.12,0.12,0.08,0.07,0.11,0.09,0.16,0.21,0.06480979
0.09,0.08,,0.08,0.06,0.11,0.09,0.08,0.09,0.14,0.08,0.12,0.1,0.11,0.11,0.06634184
0.08,0.06,0.04,0.1,,0.12,0.13,0.16,0.15,0.08,0.1,0.11,0.09,0.13,0.11,0.10416331
0.03,0.1,0.04,0.08,0.07,0.07,0.07,0.07,0.07,0.11,0.06,0.07,0.05,0.08,0.08,0.064492725
0.07,0.11,0.12,0.1,,0.09,0.11,0.14,0.1,0.07,0.07,0.08,0.09,0.08,0.07,0.06553472
0.17,0.09,0.07,0.1,0.14,0.09,0.15,0.18,0.16,0.11,0.09,0.09,0.12,0.13,0.14,0.064713515
0.21,0.11,0.09,0.2,0.15,0.27,0.17,0.11,0.12,0.17,0.13,0.15,0.17,0.19,0.13,0.06391573
0.19,0.22,0.09,0.19,0.09,0.14,0.13,0.13,0.18,0.13,0.12,0.19,0.09,0.2,0.16,0.06356226
0.31,0.13,0.11,0.15,0.18,0.24,0.14,0.09,0.14,0.15,0.13,0.17,0.15,0.16,0.13,0.06600302
0.08,0.1,0.03,0.24,0.12,0.29,0.21,0.14,0.17,0.22,0.11,0.15,0.16,0.26,0.17,0.06409124
0.29,0.14,0.09,0.12,0.18,0.28,0.14,0.1,0.15,0.19,0.13,0.19,0.16,0.19,0.13,0.0657023
,,,,,,,,,,,,,,,0.15
0.15,0.15,0.21,0.41,0.12,0.31,0.48,0.36,0.46,0.16,0.31,0.45,0.33,0.53,0.51,0.14344949
0.43,0.08,0.13,0.2,0.12,0.25,0.18,0.12,0.14,0.29,0.11,0.16,0.14,0.19,0.15,0.06387407
0.25,0.3,0.12,0.23,0.08,0.2,0.2,0.12,0.27,0.21,0.15,0.24,0.16,0.23,0.23,0.064847745
0.18,0.29,0.12,0.16,0.08,0.12,0.12,0.12,0.17,0.21,0.12,0.15,0.08,0.16,0.2,0.064443424
,0.07,,,,0.07,,,,,,,,,,0.15
,,,,,,,,,,0.07901821,,,,,
0.23,0.06,0.04,0.24,0.13,0.32,0.24,0.14,0.13,0.14,0.12,0.16,0.17,0.23,0.12,0.06521038
,,,,,,,,,,,,,,,0.0
0.14,0.16,0.09,0.17,0.07,0.13,0.1,0.13,0.14,0.16,0.12,0.17,0.09,0.14,0.13,0.06322482
0.23,0.19,0.1,0.17,0.11,0.14,0.14,0.13,0.17,0.14,0.13,0.19,0.11,0.21,0.19,0.064000696
0.25,0.08,0.22,0.21,0.1,0.31,0.23,0.19,0.14,0.17,0.13,0.2,0.18,0.26,0.11,0.0647296
0.16,0.12,0.09,0.14,0.09,0.13,0.11,0.1,0.11,0.15,0.1,0.15,0.09,0.14,0.12,0.06449149
0.18,0.23,0.1,0.17,0.09,0.14,0.11,0.12,0.18,0.1,0.12,0.18,0.08,0.16,0.19,0.06316964
0.17,0.14,0.1,0.13,0.11,0.12,0.1,0.09,0.12,0.13,0.1,0.13,0.09,0.13,0.1,0.06468660400000001
0.3,0.13,0.1,0.17,0.18,0.26,0.15,0.13,0.14,0.2,0.14,0.16,0.15,0.18,0.13,0.06756811
,,,,,,,,,,,,,,,0.0
,,,,,,,,,,,,,,,0.0
0.31,0.14,0.1,0.16,0.14,0.23,0.14,0.11,0.15,0.26,0.12,0.15,0.12,0.16,0.14,0.06576813
,,,,,,,,,,,,,,,0.0
,0.06,,,,0.06,,,,,,,,,,0.1
0.15,0.22,0.09,0.13,0.1,0.18,0.11,0.1,0.23,0.25,0.12,0.17,0.09,0.15,0.2,0.06450007
0.14,0.09,0.08,0.12,0.08,0.12,0.09,0.08,0.12,0.08,0.08,0.1,0.07,0.11,0.1,0.06512948
0.2,0.04,0.09,0.38,0.09,0.34,0.31,0.22,0.23,0.27,0.09,0.13,0.16,0.36,0.2,0.06617135
,,,,,,,,,,,,,,,0.0
0.38,0.1,0.07,0.15,0.12,0.18,0.12,0.13,0.1,0.23,0.1,0.16,0.12,0.16,0.13,0.06427176
0.19,0.19,0.12,0.12,0.09,0.14,0.11,0.09,0.14,0.1,0.11,0.15,0.08,0.15,0.14,0.06480803
0.31,0.12,0.23,0.26,0.17,0.36,0.23,0.21,0.16,0.23,0.14,0.19,0.22,0.28,0.13,0.065396816
,,,,,,,,,,,,,,,0.1
0.35,0.14,0.27,0.15,0.11,0.25,0.16,0.11,0.19,0.01,0.14,0.17,0.13,0.22,0.15,0.064886734
0.15,0.24,0.09,0.14,0.08,0.14,0.11,0.1,0.2,0.05,0.11,0.19,0.09,0.14,0.15,0.06514115
0.16,0.09,0.09,0.11,0.11,0.14,0.09,0.09,0.1,0.12,0.1,0.13,0.09,0.11,0.1,0.06565927
,,,,,,,,,,,,,,,0.0
0.57,0.09,0.09,0.37,0.09,0.35,0.28,0.19,0.18,0.24,0.14,0.19,0.16,0.37,0.19,0.12960474
0.33,0.12,0.14,0.17,0.12,0.24,0.16,0.12,0.12,0.43,0.12,0.18,0.12,0.19,0.15,0.06507669
0.03,0.19,0.05,0.26,0.08,0.39,0.32,0.62,0.36,,0.17,0.31,0.17,0.5,0.29,0.13000478
0.32,0.12,0.1,0.17,0.15,0.23,0.14,0.09,0.17,0.18,0.13,0.16,0.14,0.18,0.11,0.0643475
0.21,0.1,0.06,0.17,0.15,0.24,0.15,0.11,0.1,0.14,0.11,0.14,0.13,0.15,0.09,0.06415482
0.09,0.14,0.06,0.1,0.3,0.44,0.16,0.24,0.29,0.6,0.18,0.15,0.12,0.35,0.19,0.0669696
0.15,0.11,0.08,0.12,0.06,0.14,0.13,0.12,0.17,0.19,0.11,0.14,0.09,0.16,0.13,0.06310569
0.18,0.14,0.09,0.07,0.21,0.55,0.26,0.22,0.24,0.35,0.17,0.18,0.22,0.29,0.18,0.12210641
0.11,0.09,0.07,0.09,0.11,0.33,0.14,0.11,0.17,0.13,0.12,0.15,0.11,0.2,0.16,0.06730393
0.25,0.11,0.1,0.13,0.24,0.43,0.21,0.11,0.38,0.37,0.23,0.25,0.18,0.37,0.17,0.06680111
0.17,0.1,0.06,0.12,0.07,0.42,0.14,0.13,0.17,0.17,0.12,0.13,0.12,0.21,0.14,0.06785038
0.23,0.11,0.08,0.09,0.12,0.24,0.24,0.21,0.32,0.17,0.16,0.17,0.16,0.26,0.27,0.1254558
0.09,0.11,0.08,0.12,0.13,0.23,0.17,0.15,0.35,0.25,0.17,0.2,0.13,0.3,0.11,0.066985205
0.2,0.12,0.05,0.1,0.27,0.59,0.19,0.11,0.22,0.22,0.16,0.15,0.11,0.24,0.22,0.06637186
0.16,0.1,0.05,0.1,0.1,0.19,0.14,0.14,0.15,0.13,0.12,0.14,0.09,0.17,0.16,0.12738702
0.14,0.07,0.06,0.09,0.09,0.23,0.15,0.12,0.17,0.17,0.12,0.15,0.12,0.21,0.12,0.066369876
0.17,0.09,0.05,0.13,0.06,0.13,0.13,0.12,0.13,0.2,0.11,0.12,0.1,0.17,0.14,0.06340669
0.33,0.11,0.05,0.15,0.1,0.16,0.16,0.13,0.27,0.27,0.14,0.13,0.14,0.29,0.21,0.066673234
0.07,0.08,0.05,0.12,0.1,0.13,0.12,0.11,0.12,0.15,0.08,0.12,0.07,0.11,0.11,0.063679874
0.07,0.14,0.06,0.16,0.05,0.19,0.22,0.2,0.27,0.31,0.19,0.24,0.22,0.3,0.28,0.14148
0.46,0.12,0.07,0.16,0.09,0.43,0.17,0.15,0.35,0.5,0.21,0.34,0.3,0.37,0.22,0.14458413
0.08,0.12,0.05,0.09,0.09,0.3,0.23,0.13,0.23,0.27,0.17,0.17,0.14,0.3,0.14,0.14298964
,,,,0.2,,,,,,0.11,0.21,,,,0.06639778
0.04,0.09,0.05,0.12,0.1,0.49,0.2,0.23,0.43,0.39,0.15,0.15,0.19,0.22,0.27,0.06615164
0.06,0.08,0.05,0.1,0.05,0.38,0.21,0.23,0.35,0.43,0.17,0.17,0.2,0.32,0.23,0.069042645
0.04,0.1,0.07,0.11,0.08,0.39,0.19,0.17,0.21,0.66,0.14,0.16,0.14,0.31,0.2,0.14161804
0.08,0.14,0.11,0.1,0.1,0.27,0.14,0.1,0.18,0.13,0.1,0.1,0.09,0.16,0.15,0.10298972
0.05,0.09,0.12,0.07,0.08,0.09,0.11,0.08,0.14,0.11,0.09,0.09,0.09,0.1,0.11,0.10400127
0.09,0.15,0.15,0.09,0.08,0.1,0.11,0.09,0.16,0.14,0.09,0.07,0.08,0.14,0.13,0.10348892
0.08,0.1,0.14,0.08,0.09,0.08,0.11,0.09,0.15,0.1,0.09,0.1,0.09,0.13,0.11,0.10347207
0.1,0.1,0.12,0.12,0.07,0.11,0.09,0.08,0.11,0.1,0.08,0.09,0.07,0.12,0.17,0.10285662
0.06,0.13,0.12,0.09,0.05,0.18,0.09,0.08,0.13,0.11,0.08,0.09,0.07,0.15,0.15,0.10307354
0.09,0.11,0.16,0.09,0.08,0.12,0.13,0.1,0.15,0.12,0.12,0.12,0.1,0.13,0.12,0.10427083
0.08,0.11,0.14,0.08,0.06,0.1,0.12,0.1,0.15,0.09,0.08,0.09,0.07,0.19,0.09,0.103687726
0.06,0.08,0.14,0.08,0.07,0.1,0.09,0.08,0.13,0.18,0.08,0.08,0.06,0.13,0.12,0.10386356
0.06,0.22,0.16,0.13,0.11,0.15,0.12,0.12,0.14,0.11,0.08,0.1,0.11,0.17,0.09,0.10522972
0.08,0.08,0.12,0.13,0.09,0.17,0.12,0.1,0.16,0.11,0.11,0.13,0.09,0.18,0.12,0.10312378
0.05,0.1,0.17,0.11,0.08,0.15,0.13,0.09,0.21,0.21,0.1,0.11,0.11,0.19,0.18,0.10694788
0.07,0.08,0.03,0.14,0.08,0.13,0.11,0.1,0.17,0.08,0.09,0.09,0.08,0.19,0.09,0.10222958
